travelAggregation;date;time;endTime;fromPlaceGeocoding;fromPlaceBL;toPlaceGeocoding;toPlaceBL;transportModes;routes;averageWalkDistance;averageWalkTime;averageWaitingTime;averageDuration;averageTransfersNumber;averageTransitTime;averageElevationLost;averageElevationGained;transportModes;routes;averageWalkDistance;averageWalkTime;averageWaitingTime;averageDuration;averageTransfersNumber;averageTransitTime;averageElevationLost;averageElevationGained;transportModes;routes;averageWalkDistance;averageWalkTime;averageWaitingTime;averageDuration;averageTransfersNumber;averageTransitTime;averageElevationLost;averageElevationGained;transportModes;routes;averageWalkDistance;averageWalkTime;averageWaitingTime;averageDuration;averageTransfersNumber;averageTransitTime;averageElevationLost;averageElevationGained
CAR;2022-03-30;10:30;11:30;Brygady Pościgowej 2A, 03-984 Warszawa, Polska;52.22179895, 21.094453422910902;Akademia Wychowania Fizycznego, Marymoncka 34E, 01-804 Warszawa, Polska;52.286033950000004, 20.958421041295942;WALK;1;13846.79060896306;11017.0;0.0;11017.0;0.0;0.0;69.5099999999998;84.23999999999984;WALK-BUS(147)-WALK-TRAM(6)-WALK, WALK-BUS(168)-WALK-TRAM(17)-WALK, WALK-BUS(123)-WALK-TRAM(6)-WALK;3;906.9128521198651;740.3333333333334;301.6666666666667;3862.0;1.0;2820.0;3.023333333333293;3.486666666666627;BICYCLE;1;14083.193399999996;3318.0;0.0;3318.0;0.0;0.0;61.109999999999985;72.45000000000002;CAR;1;0.0;2001.0;0.0;2001.0;0.0;0.0;69.89999999999966;85.4899999999997
CAR;2022-03-30;13:15;13:40;Akademia Wychowania Fizycznego, Marymoncka 34E, 01-804 Warszawa, Polska;52.286033950000004, 20.958421041295942;Factory Annopol, Annopol 2, 03-236 Warszawa, Polska;52.29938235, 21.024339754682657;WALK;1;6395.394488673548;5173.0;0.0;5173.0;0.0;0.0;63.76999999999998;50.72999999999999;WALK-TRAM(6)-WALK-BUS(112)-WALK, WALK-TRAM(17)-WALK-BUS(132)-WALK, WALK-TRAM(6)-WALK-BUS(112)-WALK;3;898.304406003344;752.0;460.0;1872.0;1.0;660.0;4.329999999999998;7.030000000000001;BICYCLE;1;8223.407200000005;1966.0;0.0;1966.0;0.0;0.0;74.0;59.17;null;0;0.0;0.0;0.0;0.0;0.0;0.0;0.0;0.0
CAR;2022-03-30;21:00;21:30;Factory Annopol, Annopol 2, 03-236 Warszawa, Polska;52.29938235, 21.024339754682657;Brygady Pościgowej 2A, 03-984 Warszawa, Polska;52.22179895, 21.094453422910902;WALK;1;11794.48267658781;9616.0;0.0;9616.0;0.0;0.0;73.70999999999991;69.66999999999994;WALK-BUS(118)-WALK-BUS(509)-BUS(123)-WALK, WALK-TRAM(25)-WALK-BUS(117)-WALK, WALK-TRAM(3)-WALK-BUS(123)-WALK;3;763.3455739247405;629.6666666666666;180.33333333333334;2890.0;1.3333333333333333;2080.0;6.11333333333332;3.039999999999992;BICYCLE;1;12584.361399999983;3056.0;0.0;3056.0;0.0;0.0;54.22999999999996;52.91999999999996;null;0;0.0;0.0;0.0;0.0;0.0;0.0;0.0;0.0
CAR;2022-03-30;08:15;08:55;Admiralska 8, 00-910 Warszawa, Polska;52.2616367, 21.181779504554413;Simply Market, Meksykańska 8, 03-948 Warszawa, Polska;52.230412, 21.0572033;WALK;1;10664.844511231255;8434.0;0.0;8434.0;0.0;0.0;64.13000000000005;52.31000000000006;WALK-BUS(143)-WALK-BUS(147)-WALK, WALK-BUS(143)-WALK-BUS(507)-WALK, WALK-BUS(143)-WALK-BUS(507)-WALK;3;765.5914009973304;609.0;131.0;2940.0;1.0;2200.0;1.9766666666666215;1.9866666666666124;BICYCLE;1;11019.315600000002;2577.0;0.0;2577.0;0.0;0.0;52.74999999999993;38.71999999999993;CAR;1;0.0;1806.0;0.0;1806.0;0.0;0.0;101.76000000000008;92.78000000000006
CAR;2022-03-30;07:10;07:51;Wilcza 66/68, 00-679 Warszawa, Polska;52.22355855, 21.008801670034842;LXXII LO im. Generała Jakuba Jasińskiego, Grochowska 346/348, 03-803 Warszawa, Polska;52.2479516, 21.05388995221721;WALK;1;5348.3163307921395;4245.0;0.0;4245.0;0.0;0.0;45.96000000000001;15.550000000000011;WALK-TRAM(41)-WALK-TRAM(26)-WALK, WALK-BUS(159)-WALK-TRAM(22)-WALK, WALK-BUS(151)-WALK-BUS(135)-WALK;3;678.8849774363708;558.3333333333334;296.0;2354.3333333333335;1.0;1500.0;2.453333333333338;2.026666666666666;BICYCLE;1;5627.693500000001;1165.0;0.0;1165.0;0.0;0.0;37.55999999999992;7.869999999999905;CAR;1;0.0;1036.0;0.0;1036.0;0.0;0.0;37.51999999999998;12.649999999999977
CAR;2022-03-30;16:00;16:50;LXXII LO im. Generała Jakuba Jasińskiego, Grochowska 346/348, 03-803 Warszawa, Polska;52.2479516, 21.05388995221721;Wilcza 66/68, 00-679 Warszawa, Polska;52.22355855, 21.008801670034842;WALK;1;5343.120353345013;4412.0;0.0;4412.0;0.0;0.0;17.260000000000034;47.17000000000003;WALK-TRAM(22)-WALK-TRAM(33)-WALK, WALK-TRAM(26)-WALK-TRAM(41)-WALK, WALK-TRAM(22)-WALK-TRAM(33)-WALK;3;754.0549348293292;624.0;110.0;1834.0;1.0;1100.0;2.5;3.0200000000000102;BICYCLE;1;5519.084100000004;1337.0;0.0;1337.0;0.0;0.0;16.709999999999994;36.22000000000001;CAR;1;0.0;979.0;0.0;979.0;0.0;0.0;7.6499999999999915;24.189999999999998
PUBLIC_TRANSPORT;2022-03-30;08:15;08:30;Dawny Areszt Śledczy Warszawa-Mokotów, Rakowiecka 37, 02-517 Warszawa, Polska;52.2071799, 21.011186666908078;Pałac Kultury, Plac Defilad 1, 00-110 Warszawa, Polska;52.2317641, 21.005799675758887;WALK;1;3249.7515112554624;2687.0;0.0;2687.0;0.0;0.0;13.069999999999993;18.870000000000005;WALK-SUBWAY-WALK-BUS(109)-WALK, WALK-BUS(174)-WALK-BUS(160)-WALK, WALK-BUS(174)-WALK-BUS(160)-WALK;3;895.840689213624;729.0;875.0;2124.0;1.0;520.0;1.1633333333333127;3.529999999999987;BICYCLE;1;3397.1286999999993;838.0;0.0;838.0;0.0;0.0;11.690000000000012;17.170000000000016;CAR;1;0.0;816.0;0.0;816.0;0.0;0.0;10.82999999999997;16.309999999999974
WALKING_ONLY;2022-03-30;08:15;08:35;Ulica Boglarczyków 21, 02-793 Warszawa, Polska;52.133533, 21.058865;Zespół Edukacyjny Sióstr Niepokalanek, Jerzego Zaruby 2, 02-796 Warszawa, Polska;52.128126550000005, 21.075552193783654;WALK;1;1809.9877894618821;1453.0;0.0;1453.0;0.0;0.0;8.679999999999964;9.909999999999968;WALK-BUS(179)-WALK-BUS(339)-WALK, WALK-BUS(504)-WALK-BUS(724)-WALK, WALK-BUS(179)-WALK-BUS(710)-WALK;3;1010.6763984830303;855.0;183.0;1438.0;1.0;400.0;2.700000000000017;6.320000000000007;WALK-BICYCLE;1;1836.5139000000001;521.0;0.0;521.0;0.0;0.0;5.439999999999941;7.309999999999945;CAR;1;0.0;423.0;0.0;423.0;0.0;0.0;5.199999999999989;6.989999999999981
WALKING_ONLY;2022-03-30;08:36;09:00;Zespół Edukacyjny Sióstr Niepokalanek, Jerzego Zaruby 2, 02-796 Warszawa, Polska;52.128126550000005, 21.075552193783654;Ulica Boglarczyków 21, 02-793 Warszawa, Polska;52.133533, 21.058865;WALK;1;1810.677300739931;1458.0;0.0;1458.0;0.0;0.0;9.090000000000003;10.459999999999994;WALK-BUS(742)-WALK-BUS(504)-WALK, WALK-BUS(710)-WALK-BUS(179)-WALK, WALK-BUS(339)-WALK-BUS(179)-WALK;3;1071.5599824423844;885.6666666666666;110.33333333333333;1496.0;1.0;500.0;4.950000000000031;4.410000000000011;BICYCLE-WALK;1;1837.3383631574727;527.0;0.0;527.0;0.0;0.0;6.809999999999974;7.539999999999964;CAR;1;0.0;443.0;0.0;443.0;0.0;0.0;7.240000000000009;7.980000000000004
CAR;2022-03-30;13:45;14:10;Ulica Boglarczyków 21, 02-793 Warszawa, Polska;52.133533, 21.058865;Racławicka 14, 02-601 Warszawa, Polska;52.199616, 21.019576;WALK;1;8824.251060097971;7083.0;0.0;7083.0;0.0;0.0;32.28999999999995;36.55999999999996;WALK-BUS(179)-WALK-SUBWAY-WALK-BUS(141)-WALK, WALK-BUS(504)-BUS(141)-WALK, WALK-BUS(504)-BUS(141)-WALK;3;1133.43626063966;926.0;270.0;3036.0;1.3333333333333333;1840.0;3.0533333333333132;2.703333333333319;WALK-BICYCLE;1;8934.519499999999;2206.0;0.0;2206.0;0.0;0.0;26.259999999999934;31.87999999999994;CAR;1;0.0;1849.0;0.0;1849.0;0.0;0.0;43.33999999999999;47.08
CAR;2022-03-30;14:15;15:00;Racławicka 14, 02-601 Warszawa, Polska;52.199616, 21.019576;Działkowa 54, 05-500 Józefosław, Polska;52.10433075, 21.05713189999999;WALK;1;12556.586436031352;9916.0;0.0;9916.0;0.0;0.0;57.959999999999965;50.559999999999945;null;0;0.0;0.0;0.0;0.0;0.0;0.0;0.0;0.0;BICYCLE-WALK;1;12811.877772931888;3335.0;0.0;3335.0;0.0;0.0;63.15000000000009;52.960000000000036;null;0;0.0;0.0;0.0;0.0;0.0;0.0;0.0;0.0
CAR;2022-03-30;16:30;16:50;Działkowa 54, 05-500 Józefosław, Polska;52.10433075, 21.05713189999999;Ulica Boglarczyków 21, 02-793 Warszawa, Polska;52.133533, 21.058865;WALK;1;4484.6678044928285;3508.0;0.0;3508.0;0.0;0.0;23.62000000000006;24.74000000000005;null;0;0.0;0.0;0.0;0.0;0.0;0.0;0.0;0.0;WALK-BICYCLE-WALK;1;4514.79333157843;1499.0;0.0;1499.0;0.0;0.0;21.510000000000034;22.900000000000034;null;0;0.0;0.0;0.0;0.0;0.0;0.0;0.0;0.0
PUBLIC_TRANSPORT;2022-03-30;10:30;11:45;Magiczna 18A, 03-289 Warszawa, Polska;52.314502, 21.06248;Centrum 03, 00-017 Warszawa, Polska;52.2311577, 21.0100632;WALK;1;11804.96581195828;9587.0;0.0;9587.0;0.0;0.0;46.440000000000026;76.32999999999998;WALK-BUS(120)-BUS(500)-WALK-SUBWAY-WALK, WALK-BUS(256)-BUS(500)-WALK-TRAM(15)-WALK, WALK-BUS(120)-BUS(132)-WALK-TRAM(18)-WALK;3;705.145127808219;593.0;412.3333333333333;3065.3333333333335;2.0;2060.0;3.746666666666665;4.140000000000001;BICYCLE-WALK-BICYCLE;1;12171.550123307848;3056.0;0.0;3056.0;0.0;0.0;51.29000000000002;76.37999999999997;CAR;1;0.0;2039.0;0.0;2039.0;0.0;0.0;80.18999999999983;109.98999999999981
PUBLIC_TRANSPORT;2022-03-30;06:30;07:45;Ulica Szczęśliwicka 36A, 02-353 Warszawa, Polska;52.218224, 20.970815;Józefa Lewartowskiego 4, 00-190 Warszawa, Polska;52.2523733, 20.994786148604227;WALK;1;5452.611375894662;4432.0;0.0;4432.0;0.0;0.0;19.459999999999923;19.189999999999927;WALK-BUS(158)-WALK-TRAM(15)-WALK, WALK-BUS(517)-WALK-TRAM(35)-WALK, WALK-BUS(127)-BUS(157)-WALK;3;833.9047368282924;706.3333333333334;92.0;1978.3333333333333;1.0;1180.0;3.0033333333333636;3.9566666666666825;BICYCLE;1;5549.810799999998;1339.0;0.0;1339.0;0.0;0.0;20.919999999999987;15.479999999999976;CAR;1;0.0;1322.0;0.0;1322.0;0.0;0.0;22.6100000000001;20.75000000000007
PUBLIC_TRANSPORT;2022-03-30;19:00;19:38;Józefa Lewartowskiego 4, 00-190 Warszawa, Polska;52.2523733, 20.994786148604227;Ulica Szczęśliwicka 36A, 02-353 Warszawa, Polska;52.218224, 20.970815;WALK;1;5452.800481158074;4452.0;0.0;4452.0;0.0;0.0;18.14000000000003;18.060000000000016;WALK-BUS(157)-WALK, WALK-BUS(157)-WALK, WALK-BUS(157)-WALK;3;754.9368947285207;614.0;2.0;1936.0;0.0;1320.0;4.579999999999984;1.4799999999999756;BICYCLE;1;5530.0385000000015;1346.0;0.0;1346.0;0.0;0.0;13.430000000000106;17.110000000000085;CAR;1;0.0;1288.0;0.0;1288.0;0.0;0.0;17.76000000000002;23.12000000000002
MIXED_BIKE_AND_OTHER;2022-03-30;04:02;16:03;Cafe 8 Stóp, Ratuszowa 2, 03-461 Warszawa, Polska;52.25363, 21.023063;Wierzbowa 6, 05-126 Kąty Węgierskie, Polska;52.3870314, 21.025973805361524;null;0;0.0;0.0;0.0;0.0;0.0;0.0;0.0;0.0;null;0;0.0;0.0;0.0;0.0;0.0;0.0;0.0;0.0;null;0;0.0;0.0;0.0;0.0;0.0;0.0;0.0;0.0;null;0;0.0;0.0;0.0;0.0;0.0;0.0;0.0;0.0
CAR;2022-03-30;08:05;08:15;Giełdowa 4A, 01-211 Warszawa, Polska;52.230785, 20.974935;Szkoła Podstawowa nr 221 z Oddziałami Integracyjnymi im. Barbary Bronisławy Czarnowskiej, Ogrodowa 42 44, 00-876 Warsaw, Poland;52.238621300000005, 20.986881293852456;WALK;1;1530.8276616423689;1244.0;0.0;1244.0;0.0;0.0;4.249999999999972;7.629999999999967;WALK-BUS(106)-WALK-TRAM(13)-WALK, WALK-BUS(106)-WALK-BUS(157)-WALK, WALK-BUS(106)-WALK-BUS(157)-WALK;3;809.8058245539877;649.0;312.3333333333333;1401.3333333333333;1.0;440.0;2.4199999999999924;1.8666666666666505;BICYCLE;1;1536.8566999999998;386.0;0.0;386.0;0.0;0.0;4.819999999999965;8.19999999999996;null;0;0.0;0.0;0.0;0.0;0.0;0.0;0.0;0.0
CAR;2022-03-30;08:25;08:40;Szkoła Podstawowa nr 221 z Oddziałami Integracyjnymi im. Barbary Bronisławy Czarnowskiej, Ogrodowa 42 44, 00-876 Warsaw, Poland;52.238621300000005, 20.986881293852456;Giełdowa 4A, 01-211 Warszawa, Polska;52.230785, 20.974935;WALK;1;1530.7964586358564;1221.0;0.0;1221.0;0.0;0.0;7.539999999999978;4.019999999999968;WALK-TRAM(13)-WALK-BUS(106)-WALK, WALK-BUS(171)-WALK-BUS(106)-WALK, WALK-BUS(157)-WALK-BUS(109)-WALK;3;756.1914686634791;614.0;231.0;1465.0;1.0;620.0;2.3733333333333015;2.3733333333332873;BICYCLE;1;1540.4290999999994;364.0;0.0;364.0;0.0;0.0;8.409999999999911;4.889999999999901;null;0;0.0;0.0;0.0;0.0;0.0;0.0;0.0;0.0
CAR;2022-03-30;12:00;12:08;Giełdowa 4A, 01-211 Warszawa, Polska;52.230785, 20.974935;Lidl, Wolska 19 25, 01-202 Warszawa, Polska;52.2348907, 20.9761282;WALK;1;861.5870150325596;688.0;0.0;688.0;0.0;0.0;6.279999999999987;4.859999999999985;WALK-BUS(109)-WALK-TRAM(11)-WALK, WALK-BUS(106)-WALK-TRAM(24)-WALK, WALK-BUS(106)-WALK-TRAM(11)-WALK;3;968.319571419583;786.3333333333334;124.66666666666667;1431.0;1.0;520.0;6.26000000000001;5.033333333333341;BICYCLE;1;861.4724999999999;209.0;0.0;209.0;0.0;0.0;6.279999999999987;4.859999999999985;CAR;1;0.0;206.0;0.0;206.0;0.0;0.0;6.259999999999977;4.839999999999975
CAR;2022-03-30;12:40;13:00;Lidl, Wolska 19 25, 01-202 Warszawa, Polska;52.2348907, 20.9761282;Giełdowa 4A, 01-211 Warszawa, Polska;52.230785, 20.974935;WALK;1;861.5873909723974;694.0;0.0;694.0;0.0;0.0;4.82999999999997;6.159999999999968;WALK-TRAM(1)-WALK-BUS(178)-WALK, WALK-TRAM(11)-WALK-BUS(105)-WALK, WALK-TRAM(10)-WALK-BUS(106)-WALK;3;975.1426616450576;798.0;254.33333333333334;1252.3333333333333;1.0;200.0;5.339999999999961;6.383333333333288;BICYCLE;1;869.4302;223.0;0.0;223.0;0.0;0.0;4.839999999999947;6.169999999999945;CAR;1;0.0;330.0;0.0;330.0;0.0;0.0;7.1899999999999835;8.559999999999988
CAR;2022-03-30;15:20;15:30;Giełdowa 4A, 01-211 Warszawa, Polska;52.230785, 20.974935;Szkoła Podstawowa nr 221 z Oddziałami Integracyjnymi im. Barbary Bronisławy Czarnowskiej, Ogrodowa 42/44, 00-876 Warszawa, Polska;52.238621300000005, 20.986881293852456;WALK;1;1530.8276616423689;1244.0;0.0;1244.0;0.0;0.0;4.249999999999972;7.629999999999967;WALK-BUS(106)-WALK-BUS(157)-WALK, WALK-BUS(106)-WALK-TRAM(13)-WALK, WALK-BUS(106)-WALK-TRAM(10)-WALK;3;838.1065212949164;678.0;192.66666666666666;1390.6666666666667;1.0;520.0;2.5299999999999963;2.3333333333333237;BICYCLE;1;1536.8566999999998;386.0;0.0;386.0;0.0;0.0;4.819999999999965;8.19999999999996;null;0;0.0;0.0;0.0;0.0;0.0;0.0;0.0;0.0
CAR;2022-03-30;15:35;15:50;Szkoła Podstawowa nr 221 z Oddziałami Integracyjnymi im. Barbary Bronisławy Czarnowskiej, Ogrodowa 42/44, 00-876 Warszawa, Polska;52.238621300000005, 20.986881293852456;Giełdowa 4A, 01-211 Warszawa, Polska;52.230785, 20.974935;WALK;1;1530.7964586358564;1221.0;0.0;1221.0;0.0;0.0;7.539999999999978;4.019999999999968;WALK-TRAM(13)-WALK-BUS(106)-WALK, WALK-BUS(157)-WALK-BUS(109)-WALK, WALK-BUS(157)-WALK-BUS(178)-WALK;3;698.6403082623956;569.6666666666666;197.0;1226.6666666666667;1.0;460.0;1.9833333333333012;2.1766666666666246;BICYCLE;1;1540.4290999999994;364.0;0.0;364.0;0.0;0.0;8.409999999999911;4.889999999999901;null;0;0.0;0.0;0.0;0.0;0.0;0.0;0.0;0.0
WALKING_ONLY;2022-03-30;07:40;08:45;Wołoska 44, 02-583 Warszawa, Polska;52.19176215, 21.002492521295853;Przedszkole nr 228, Marzanny 8, 02-649 Warszawa, Polska;52.190917549999995, 21.00470336345041;WALK;1;301.13260149599586;257.0;0.0;257.0;0.0;0.0;1.3399999999999892;0.6800000000000068;WALK;1;301.13260149599586;257.0;0.0;257.0;0.0;0.0;1.3399999999999892;0.6800000000000068;BICYCLE;1;300.9560000000001;72.0;0.0;72.0;0.0;0.0;1.3399999999999892;0.6800000000000068;CAR;1;0.0;144.0;0.0;144.0;0.0;0.0;1.9099999999999966;0.5499999999999972
CAR;2022-03-30;08:45;08:57;Przedszkole nr 228, Marzanny 8, 02-649 Warszawa, Polska;52.190917549999995, 21.00470336345041;Szkoła Podstawowa nr 70 imienia Bohaterów Monte Cassino, Giordana Bruna, 02-594 Warszawa, Polska;52.20839285, 21.001963787628974;WALK;1;2255.7305112603026;1845.0;0.0;1845.0;0.0;0.0;5.610000000000014;9.210000000000022;WALK-TRAM(17)-WALK, WALK-TRAM(41)-WALK, WALK-TRAM(17)-WALK;3;820.2807293122818;680.0;2.0;1162.0;0.0;480.0;3.1099999999999994;2.9099999999999966;BICYCLE;1;2257.2248999999993;569.0;0.0;569.0;0.0;0.0;5.440000000000012;9.04000000000002;CAR;1;0.0;556.0;0.0;556.0;0.0;0.0;3.3200000000000216;6.510000000000019
CAR;2022-03-30;08:03;08:10;Szkoła Podstawowa nr 70 imienia Bohaterów Monte Cassino, Giordana Bruna, 02-594 Warszawa, Polska;52.20839285, 21.001963787628974;Millennium Bank, Stanisława Żaryna 2A, 02-593 Warszawa, Polska;52.2046449, 20.9976351;WALK;1;704.7358872049807;591.0;0.0;591.0;0.0;0.0;3.7599999999999767;3.269999999999982;WALK-BUS(119)-WALK, WALK-TRAM(17)-WALK, WALK-BUS(119)-WALK;3;493.46888720659393;424.3333333333333;2.0;546.3333333333334;0.0;120.0;1.9533333333333094;2.0866666666666447;BICYCLE;1;718.5341;182.0;0.0;182.0;0.0;0.0;3.0800000000000125;2.5900000000000176;CAR;1;0.0;394.0;0.0;394.0;0.0;0.0;5.310000000000031;4.270000000000024
CAR;2022-03-30;17:55;18:34;Millennium Bank, Stanisława Żaryna 2A, 02-593 Warszawa, Polska;52.2046449, 20.9976351;Kancelaria Adwokacka Paweł Kraśniej, Jana Nowaka-Jeziorańskiego 49, 03-982 Warszawa, Polska;52.229473, 21.074793;WALK;1;6851.672345815022;5488.0;0.0;5488.0;0.0;0.0;57.79000000000008;31.590000000000074;null;0;0.0;0.0;0.0;0.0;0.0;0.0;0.0;0.0;BICYCLE-WALK-BICYCLE;1;7808.900225563644;1873.0;0.0;1873.0;0.0;0.0;66.81999999999988;40.00999999999986;CAR;1;0.0;1285.0;0.0;1285.0;0.0;0.0;71.72000000000006;48.820000000000064
CAR;2022-03-30;19:00;19:30;Kancelaria Adwokacka Paweł Kraśniej, Jana Nowaka-Jeziorańskiego 49, 03-982 Warszawa, Polska;52.229473, 21.074793;Wołoska 44, 02-583 Warszawa, Polska;52.19176215, 21.002492521295853;WALK;1;8276.18795483294;6758.0;0.0;6758.0;0.0;0.0;38.56000000000003;63.26000000000003;null;0;0.0;0.0;0.0;0.0;0.0;0.0;0.0;0.0;BICYCLE;1;8652.676500000005;2286.0;0.0;2286.0;0.0;0.0;43.79000000000005;66.24000000000007;CAR;1;0.0;1509.0;0.0;1509.0;0.0;0.0;44.790000000000035;67.28000000000006
CAR;2022-03-30;07:45;07:55;Kolonia Jerzego Ficowskiego, Stanisława Dygata 3, 01-748 Warszawa, Polska;52.25594365, 20.968309661369833;Stanisława Wyspiańskiego 5, 01-577 Warszawa, Polska;52.2640117, 20.980105740555874;WALK;1;1516.4883834440177;1237.0;0.0;1237.0;0.0;0.0;12.840000000000018;4.220000000000027;WALK-BUS(221)-BUS(122)-WALK, WALK-BUS(180)-WALK-TRAM(27)-WALK, WALK-BUS(221)-WALK-BUS(122)-WALK;3;782.903749362686;651.3333333333334;79.33333333333333;1190.6666666666667;1.0;460.0;4.846666666666636;1.919999999999978;BICYCLE;1;1524.0540999999994;371.0;0.0;371.0;0.0;0.0;10.740000000000023;2.400000000000034;CAR;1;0.0;544.0;0.0;544.0;0.0;0.0;15.580000000000084;7.830000000000084
CAR;2022-03-30;08:05;08:18;Stanisława Wyspiańskiego 5, 01-577 Warszawa, Polska;52.2640117, 20.980105740555874;Kolonia Jerzego Ficowskiego, Stanisława Dygata 3, 01-748 Warszawa, Polska;52.25594365, 20.968309661369833;WALK;1;1515.9837593838545;1275.0;0.0;1275.0;0.0;0.0;4.050000000000026;11.200000000000031;WALK-TRAM(27)-WALK-BUS(180)-WALK, WALK-TRAM(27)-WALK-BUS(221)-WALK, WALK-TRAM(17)-WALK-BUS(180)-WALK;3;760.7744636483234;657.3333333333334;214.66666666666666;1572.0;1.0;700.0;1.1299999999999766;4.986666666666646;BICYCLE;1;1520.8731999999993;425.0;0.0;425.0;0.0;0.0;2.7900000000000063;9.66000000000001;CAR;1;0.0;479.0;0.0;479.0;0.0;0.0;2.42000000000003;10.130000000000038
CAR;2022-03-30;11:30;11:40;Kolonia Jerzego Ficowskiego, Stanisława Dygata 3, 01-748 Warszawa, Polska;52.25594365, 20.968309661369833;Szkoła Podstawowa nr 68 im. Artura Oppmana, Or-Ota 5, 01-507 Warszawa, Polska;52.262420750000004, 20.98440815282051;WALK;1;1720.727669157842;1386.0;0.0;1386.0;0.0;0.0;14.770000000000024;4.870000000000033;WALK-BUS(221)-WALK, WALK-BUS(221)-WALK, WALK-BUS(221)-WALK;3;676.3055714131295;586.0;2.0;948.0;0.0;360.0;4.9599999999999795;0.5299999999999869;BICYCLE;1;1714.3910999999996;403.0;0.0;403.0;0.0;0.0;12.28000000000003;2.850000000000037;CAR;1;0.0;513.0;0.0;513.0;0.0;0.0;17.14000000000007;8.030000000000072
CAR;2022-03-30;11:45;12:00;Szkoła Podstawowa nr 68 im. Artura Oppmana, Or-Ota 5, 01-507 Warszawa, Polska;52.262420750000004, 20.98440815282051;Kolonia Jerzego Ficowskiego, Stanisława Dygata 3, 01-748 Warszawa, Polska;52.25594365, 20.968309661369833;WALK;1;1723.366428559444;1418.0;0.0;1418.0;0.0;0.0;4.659999999999997;13.030000000000001;WALK-BUS(221)-WALK, WALK-BUS(221)-WALK, WALK-BUS(221)-WALK;3;608.7503082554044;555.0;2.0;857.0;0.0;300.0;0.5099999999999767;4.869999999999976;BICYCLE;1;1727.7345999999995;478.0;0.0;478.0;0.0;0.0;4.219999999999999;12.310000000000002;CAR;1;0.0;472.0;0.0;472.0;0.0;0.0;2.1800000000000352;11.150000000000034
WALKING_ONLY;2022-03-30;15:20;15:40;Kolonia Jerzego Ficowskiego, Stanisława Dygata 3, 01-748 Warszawa, Polska;52.25594365, 20.968309661369833;Stanisława Wyspiańskiego 5, 01-577 Warszawa, Polska;52.2640117, 20.980105740555874;WALK;1;1516.4883834440177;1237.0;0.0;1237.0;0.0;0.0;12.840000000000018;4.220000000000027;WALK-BUS(221)-BUS(122)-WALK, WALK-BUS(180)-WALK-TRAM(27)-WALK, WALK-BUS(180)-WALK-TRAM(17)-WALK;3;792.3435814439781;651.6666666666666;81.66666666666667;1153.3333333333333;1.0;420.0;4.873333333333321;2.4099999999999917;BICYCLE;1;1524.0540999999994;371.0;0.0;371.0;0.0;0.0;10.740000000000023;2.400000000000034;CAR;1;0.0;544.0;0.0;544.0;0.0;0.0;15.580000000000084;7.830000000000084
WALKING_ONLY;2022-03-30;15:50;15:58;Stanisława Wyspiańskiego 5, 01-577 Warszawa, Polska;52.2640117, 20.980105740555874;Szkoła Podstawowa nr 68 im. Artura Oppmana, Or-Ota 5, 01-507 Warszawa, Polska;52.262420750000004, 20.98440815282051;WALK;1;466.54189473174733;381.0;0.0;381.0;0.0;0.0;3.460000000000008;2.230000000000018;WALK;1;466.54189473174733;381.0;0.0;381.0;0.0;0.0;3.460000000000008;2.230000000000018;BICYCLE;1;464.33020000000005;110.0;0.0;110.0;0.0;0.0;3.3500000000000085;2.1200000000000188;CAR;1;0.0;134.0;0.0;134.0;0.0;0.0;3.0;1.9100000000000108
PUBLIC_TRANSPORT;2022-03-30;16:15;16:40;Szkoła Podstawowa nr 68 im. Artura Oppmana, Or-Ota 5, 01-507 Warszawa, Polska;52.262420750000004, 20.98440815282051;Kolonia Jerzego Ficowskiego, Stanisława Dygata 3, 01-748 Warszawa, Polska;52.25594365, 20.968309661369833;WALK;1;1723.366428559444;1418.0;0.0;1418.0;0.0;0.0;4.659999999999997;13.030000000000001;WALK-BUS(221)-WALK, WALK-BUS(221)-WALK, WALK-BUS(221)-WALK;3;608.7503082554044;555.0;2.0;857.0;0.0;300.0;0.5099999999999767;4.869999999999976;BICYCLE;1;1727.7345999999995;478.0;0.0;478.0;0.0;0.0;4.219999999999999;12.310000000000002;CAR;1;0.0;472.0;0.0;472.0;0.0;0.0;2.1800000000000352;11.150000000000034
CAR;2022-03-30;07:10;07:18;Drewnicka 6, 05-091 Ząbki, Polska;52.30518175, 21.096971688318778;Szkoła Podstawowa nr 2 im. Jana Kochanowskiego, Stefana Batorego 11, 05-091 Ząbki, Polska;52.29336025, 21.109659853146617;null;0;0.0;0.0;0.0;0.0;0.0;0.0;0.0;0.0;WALK-BUS(140)-WALK-BUS(245)-WALK-BUS(199), WALK-BUS(340)-WALK-BUS(245)-WALK-BUS(199), WALK-BUS(738)-WALK-BUS(245)-WALK-BUS(199);3;109.30063157886246;88.33333333333333;397.6666666666667;2426.0;2.0;1940.0;0.0;0.0;null;0;0.0;0.0;0.0;0.0;0.0;0.0;0.0;0.0;null;0;0.0;0.0;0.0;0.0;0.0;0.0;0.0;0.0
PUBLIC_TRANSPORT;2022-03-30;07:27;07:54;Szkoła Podstawowa nr 2 im. Jana Kochanowskiego, Stefana Batorego 11, 05-091 Ząbki, Polska;52.29336025, 21.109659853146617;Państwowy Instytut Geologiczny, Rakowiecka 4, 02-519 Warszawa, Polska;52.2089096, 21.013184497520786;null;0;0.0;0.0;0.0;0.0;0.0;0.0;0.0;0.0;BUS(199)-WALK-SUBWAY-WALK-SUBWAY-WALK, BUS(199)-BUS(190)-WALK-TRAM(17)-WALK, BUS(199)-BUS(412)-WALK-BUS(138)-WALK-BUS(167)-WALK;3;580.6180476162818;461.6666666666667;295.6666666666667;3117.3333333333335;2.3333333333333335;2360.0;0.8866666666666655;1.096666666666664;null;0;0.0;0.0;0.0;0.0;0.0;0.0;0.0;0.0;null;0;0.0;0.0;0.0;0.0;0.0;0.0;0.0;0.0
WALKING_ONLY;2022-03-30;06:00;06:35;Andersa - Długa, Długa, 00-241 Warszawa, Polska;52.2449444, 21.0012669;Nowomiejska 8, 00-271 Warszawa, Polska;52.25024415, 21.011088172412535;WALK;1;1038.9653533724438;863.0;0.0;863.0;0.0;0.0;12.299999999999983;7.869999999999976;WALK-TRAM(13)-WALK-BUS(116)-WALK, WALK-BUS(222)-WALK-BUS(180)-WALK, WALK-BUS(111)-WALK-BUS(116)-WALK;3;917.6411779301965;770.6666666666666;125.33333333333333;1356.0;1.0;460.0;7.233333333333344;4.573333333333352;WALK-BICYCLE;1;1042.685063157473;312.0;0.0;312.0;0.0;0.0;11.010000000000005;6.579999999999998;CAR;1;0.0;342.0;0.0;342.0;0.0;0.0;13.040000000000049;4.720000000000056
WALKING_ONLY;2022-03-30;09:00;10:00;Nowomiejska 8, 00-271 Warszawa, Polska;52.25024415, 21.011088172412535;Andersa - Długa, Długa, 00-241 Warszawa, Polska;52.2449444, 21.0012669;WALK;1;1042.817315782171;875.0;0.0;875.0;0.0;0.0;6.429999999999993;11.030000000000001;WALK-BUS(180)-WALK-TRAM(35)-WALK, WALK-BUS(116)-WALK-TRAM(15)-WALK, WALK-BUS(116)-WALK-TRAM(15)-WALK;3;682.6472004895228;585.6666666666666;145.33333333333334;1131.0;1.0;400.0;3.989999999999995;6.879999999999981;BICYCLE-WALK;1;1042.7185263149463;337.0;0.0;337.0;0.0;0.0;6.429999999999993;11.030000000000001;CAR;1;0.0;261.0;0.0;261.0;0.0;0.0;2.7099999999999937;10.819999999999979
CAR;2022-03-30;12:40;12:59;Zakładowa 20, 04-683 Warszawa, Polska;52.21955, 21.143806;Trakt Brzeski 89, 05-077 Warszawa, Polska;52.224134, 21.240709;WALK;1;7488.517947341673;5830.0;0.0;5830.0;0.0;0.0;21.45000000000006;27.780000000000058;null;0;0.0;0.0;0.0;0.0;0.0;0.0;0.0;0.0;BICYCLE;1;7715.475900000003;1779.0;0.0;1779.0;0.0;0.0;20.32000000000008;35.230000000000075;CAR;1;0.0;1154.0;0.0;1154.0;0.0;0.0;33.25000000000004;41.97000000000003
PUBLIC_TRANSPORT;2022-03-30;07:30;07:48;Odkryta 44A, 03-140 Warszawa, Polska;52.3337873, 20.940951713067484;Dawne składowisko popiołów w rekultywacji, Warszawa, Polska;52.304534, 20.966375;WALK;1;4617.4127217774485;3732.0;0.0;3732.0;0.0;0.0;26.449999999999932;33.43999999999993;null;0;0.0;0.0;0.0;0.0;0.0;0.0;0.0;0.0;BICYCLE;1;4703.140700000001;1186.0;0.0;1186.0;0.0;0.0;20.95999999999998;27.949999999999974;CAR;1;0.0;1336.0;0.0;1336.0;0.0;0.0;19.340000000000003;26.090000000000003
PUBLIC_TRANSPORT;2022-03-30;15:45;16:02;Dawne składowisko popiołów w rekultywacji, Warszawa, Polska;52.304534, 20.966375;Odkryta 44A, 03-140 Warszawa, Polska;52.3337873, 20.940951713067484;WALK;1;4621.059075164411;3685.0;0.0;3685.0;0.0;0.0;32.17999999999999;24.379999999999995;null;0;0.0;0.0;0.0;0.0;0.0;0.0;0.0;0.0;BICYCLE;1;4706.866800000001;1115.0;0.0;1115.0;0.0;0.0;28.01000000000002;20.210000000000022;CAR;1;0.0;1337.0;0.0;1337.0;0.0;0.0;25.869999999999933;19.11999999999992
CAR;2022-03-30;17:00;17:15;Odkryta 44A, 03-140 Warszawa, Polska;52.3337873, 20.940951713067484;Galeria Odkryta, Odkryta 4, 03-140 Warszawa, Polska;52.324891199999996, 20.93855029480894;WALK;1;1299.5216315707953;1050.0;0.0;1050.0;0.0;0.0;3.140000000000015;3.200000000000003;WALK-BUS(509)-WALK, WALK-BUS(518)-WALK, WALK-BUS(516)-WALK;3;598.1626140244736;513.3333333333334;2.0;635.3333333333334;0.0;120.0;1.6400000000000148;1.8833333333333353;BICYCLE;1;1299.3362;315.0;0.0;315.0;0.0;0.0;3.140000000000015;3.200000000000003;CAR;1;0.0;383.0;0.0;383.0;0.0;0.0;3.630000000000024;4.240000000000023
CAR;2022-03-30;17:40;18:00;Galeria Odkryta, Odkryta 4, 03-140 Warszawa, Polska;52.324891199999996, 20.93855029480894;Odkryta 44A, 03-140 Warszawa, Polska;52.3337873, 20.940951713067484;WALK;1;1299.518999991933;1048.0;0.0;1048.0;0.0;0.0;3.0400000000000347;3.2600000000000335;WALK-BUS(518)-WALK, WALK-BUS(516)-WALK, WALK-BUS(518)-WALK;3;512.5344887111944;446.3333333333333;2.0;588.3333333333334;0.0;140.0;1.5600000000000211;1.7633333333333592;BICYCLE;1;1299.3354999999995;317.0;0.0;317.0;0.0;0.0;3.0400000000000347;3.2600000000000335;CAR;1;0.0;380.0;0.0;380.0;0.0;0.0;4.010000000000019;3.5700000000000216
CAR;2022-03-30;18:03;18:10;Odkryta 44A, 03-140 Warszawa, Polska;52.3337873, 20.940951713067484;Odkryta 44A, 03-140 Warszawa, Polska;52.3337873, 20.940951713067484;null;0;0.0;0.0;0.0;0.0;0.0;0.0;0.0;0.0;null;0;0.0;0.0;0.0;0.0;0.0;0.0;0.0;0.0;null;0;0.0;0.0;0.0;0.0;0.0;0.0;0.0;0.0;null;0;0.0;0.0;0.0;0.0;0.0;0.0;0.0;0.0
WALKING_ONLY;2022-03-30;08:50;08:55;Ulica Żakowska 5, 04-977 Warszawa, Polska;52.15357, 21.214923;Początkowa 14, 04-984 Warszawa, Polska;52.153928, 21.211088;WALK;1;336.44400751708656;262.0;0.0;262.0;0.0;0.0;1.15000000000002;0.5500000000000256;WALK;1;336.44400751708656;262.0;0.0;262.0;0.0;0.0;1.15000000000002;0.5500000000000256;BICYCLE;1;336.4051;73.0;0.0;73.0;0.0;0.0;1.15000000000002;0.5500000000000256;CAR;1;0.0;59.0;0.0;59.0;0.0;0.0;1.15000000000002;0.5500000000000256
WALKING_ONLY;2022-03-30;09:40;09:49;Początkowa 14, 04-984 Warszawa, Polska;52.153928, 21.211088;Ulica Żakowska 5, 04-977 Warszawa, Polska;52.15357, 21.214923;WALK;1;336.4440075170866;266.0;0.0;266.0;0.0;0.0;0.4900000000000233;1.1000000000000227;WALK;1;336.4440075170866;266.0;0.0;266.0;0.0;0.0;0.4900000000000233;1.1000000000000227;BICYCLE;1;336.40510000000006;77.0;0.0;77.0;0.0;0.0;0.4900000000000233;1.1000000000000227;CAR;1;0.0;59.0;0.0;59.0;0.0;0.0;0.4900000000000233;1.1000000000000227
PRIVATE_BIKE;2022-03-30;11:15;11:35;Ulica Żakowska 5, 04-977 Warszawa, Polska;52.15357, 21.214923;Ulica Poezji 5, 04-994 Warszawa, Polska;52.156002, 21.202641;WALK;1;1126.5735338293098;874.0;0.0;874.0;0.0;0.0;3.2700000000000244;1.5500000000000256;WALK-BUS(161)-WALK-BUS(161)-WALK, WALK-BUS(161)-WALK-BUS(161)-WALK, WALK-BUS(161)-WALK-BUS(161)-WALK;3;586.0859624016601;467.0;479.0;2026.0;1.0;1080.0;0.5200000000000387;1.1200000000000472;BICYCLE-WALK;1;1126.4860533830508;292.0;0.0;292.0;0.0;0.0;3.2700000000000244;1.5500000000000256;CAR;1;0.0;183.0;0.0;183.0;0.0;0.0;3.220000000000013;1.4800000000000182
PRIVATE_BIKE;2022-03-30;12:15;12:30;Ulica Poezji 5, 04-994 Warszawa, Polska;52.156002, 21.202641;Ulica Żakowska 5, 04-977 Warszawa, Polska;52.15357, 21.214923;WALK;1;1126.574285708985;885.0;0.0;885.0;0.0;0.0;1.630000000000038;3.5200000000000387;WALK-BUS(161)-BUS(161)-WALK, WALK-BUS(161)-BUS(161)-WALK, WALK-BUS(161)-BUS(161)-WALK;3;589.2894661610102;464.0;62.0;646.0;1.0;120.0;1.1099999999999994;0.4899999999999949;WALK-BICYCLE;1;1171.1468398496147;310.0;0.0;310.0;0.0;0.0;1.5500000000000398;2.7400000000000375;CAR;1;0.0;178.0;0.0;178.0;0.0;0.0;1.9400000000000546;4.040000000000063
PUBLIC_TRANSPORT;2022-03-30;15:15;14:59;Ulica Żakowska 5, 04-977 Warszawa, Polska;52.15357, 21.214923;Kościół pw. Wniebowzięcia Najświętszej Marii Panny, Trakt Lubelski 157, 04-687 Warszawa, Polska;52.196355, 21.135148;WALK;1;8219.70415035786;6404.0;0.0;6404.0;0.0;0.0;27.139999999999915;20.74999999999993;WALK-BUS(146)-WALK-BUS(142)-WALK, WALK-BUS(146)-WALK-BUS(521)-WALK-BUS(147)-WALK, WALK-BUS(161)-BUS(142)-WALK;3;653.7893809463885;527.0;769.0;2376.0;1.3333333333333333;1080.0;0.2300000000000324;1.6600000000000392;BICYCLE;1;8224.018300000003;1830.0;0.0;1830.0;0.0;0.0;27.129999999999924;20.739999999999938;CAR;1;0.0;1374.0;0.0;1374.0;0.0;0.0;27.560000000000016;20.980000000000018
PUBLIC_TRANSPORT;2022-03-30;15:00;15:30;Kościół pw. Wniebowzięcia Najświętszej Marii Panny, Trakt Lubelski 157, 04-687 Warszawa, Polska;52.196355, 21.135148;Poezji 5, 04-994 Warszawa, Polska;52.156048, 21.202189;WALK;1;7573.691195463609;5950.0;0.0;5950.0;0.0;0.0;25.329999999999927;26.339999999999876;WALK-BUS(142)-BUS(161)-WALK, WALK-BUS(142)-BUS(161)-WALK, WALK-BUS(702)-BUS(146)-WALK;3;382.9782481122582;327.0;202.0;1849.0;1.0;1320.0;1.759999999999991;0.75;BICYCLE;1;7695.519400000001;1728.0;0.0;1728.0;0.0;0.0;19.360000000000042;23.470000000000056;CAR;1;0.0;1416.0;0.0;1416.0;0.0;0.0;24.919999999999874;27.999999999999815
WALKING_ONLY;2022-03-30;15:38;15:47;Poezji 5, 04-994 Warszawa, Polska;52.156048, 21.202189;Ulica Żakowska 5, 04-977 Warszawa, Polska;52.15357, 21.214923;WALK;1;1212.43447367487;968.0;0.0;968.0;0.0;0.0;1.8500000000000512;3.980000000000061;WALK-BUS(146)-WALK, WALK-BUS(146)-WALK, WALK-BUS(146)-WALK;3;524.4136541301223;416.0;2.0;598.0;0.0;180.0;0.8299999999999841;0.6199999999999761;BICYCLE;1;1337.4209999999998;296.0;0.0;296.0;0.0;0.0;1.9300000000000352;3.350000000000037;CAR;1;0.0;205.0;0.0;205.0;0.0;0.0;2.550000000000054;4.250000000000057
PUBLIC_TRANSPORT;2022-03-30;15:54;16:30;Ulica Żakowska 5, 04-977 Warszawa, Polska;52.15357, 21.214923;Kościół pw. Wniebowzięcia Najświętszej Marii Panny, Trakt Lubelski 157, 04-687 Warszawa, Polska;52.196355, 21.135148;WALK;1;8219.70415035786;6404.0;0.0;6404.0;0.0;0.0;27.139999999999915;20.74999999999993;WALK-BUS(161)-BUS(142)-WALK, WALK-BUS(146)-WALK-BUS(521)-WALK-BUS(305)-WALK, WALK-BUS(161)-BUS(142)-WALK;3;535.2493809463884;436.6666666666667;1319.3333333333333;2936.0;1.3333333333333333;1180.0;0.2300000000000324;1.6600000000000392;BICYCLE;1;8224.018300000003;1830.0;0.0;1830.0;0.0;0.0;27.129999999999924;20.739999999999938;CAR;1;0.0;1374.0;0.0;1374.0;0.0;0.0;27.560000000000016;20.980000000000018
PUBLIC_TRANSPORT;2022-03-30;16:45;17:40;Kościół pw. Wniebowzięcia Najświętszej Marii Panny, Trakt Lubelski 157, 04-687 Warszawa, Polska;52.196355, 21.135148;Ulica Żakowska 5, 04-977 Warszawa, Polska;52.15357, 21.214923;WALK;1;8219.72407516925;6438.0;0.0;6438.0;0.0;0.0;20.310000000000002;27.129999999999995;WALK-BUS(147)-WALK-BUS(146)-WALK, WALK-BUS(142)-BUS(161)-BUS(161)-WALK, WALK-BUS(702)-BUS(146)-WALK;3;557.3899874618422;451.0;143.33333333333334;2214.3333333333335;1.3333333333333333;1620.0;1.699999999999984;0.5233333333333121;BICYCLE;1;8320.634400000003;1860.0;0.0;1860.0;0.0;0.0;16.699999999999946;21.989999999999938;CAR;1;0.0;1379.0;0.0;1379.0;0.0;0.0;20.78999999999992;27.78999999999992
CAR;2022-03-30;07:45;08:00;Ulica Rozłucka 4, 04-029 Warszawa, Polska;52.236807, 21.077982;Międzyborska 78, 04-010 Warszawa, Polska;52.2412868, 21.078064601280808;WALK;1;617.4342330796982;492.0;0.0;492.0;0.0;0.0;1.4699999999999847;1.9899999999999807;WALK-BUS(158)-WALK, WALK-BUS(158)-WALK, WALK-BUS(158)-WALK;3;437.46933332795544;360.6666666666667;2.0;422.6666666666667;0.0;60.0;1.4799999999999993;1.336666666666659;WALK-BICYCLE-WALK;1;720.0168631574732;215.0;0.0;215.0;0.0;0.0;1.839999999999975;2.1499999999999773;CAR;1;0.0;193.0;0.0;193.0;0.0;0.0;1.8699999999999903;2.409999999999968
CAR;2022-03-30;08:00;08:25;Międzyborska 78, 04-010 Warszawa, Polska;52.2412868, 21.078064601280808;King Cross Praga, Jubilerska 1/3, 04-190 Warszawa, Polska;52.2352974, 21.119387295192443;WALK;1;3403.4745563676615;2781.0;0.0;2781.0;0.0;0.0;8.679999999999978;58.34999999999998;WALK-BUS(521)-WALK, WALK-TRAM(24)-WALK, WALK-BUS(143)-WALK;3;767.6919348266401;643.3333333333334;2.0;1165.3333333333333;0.0;520.0;2.9466666666666725;3.116666666666679;WALK-BICYCLE;1;3513.1066999999994;865.0;0.0;865.0;0.0;0.0;90.56000000000002;92.17000000000003;CAR;1;0.0;782.0;0.0;782.0;0.0;0.0;7.359999999999971;8.629999999999967
CAR;2022-03-30;06:15;06:30;Powstańców 38B, 05-091 Ząbki, Polska;52.2778965, 21.128496026391275;Mroźna 14, 03-654 Warszawa, Polska;52.2899276, 21.07318784258105;WALK;1;9399.235368382415;7323.0;0.0;7323.0;0.0;0.0;44.71000000000002;39.24000000000002;WALK-BUS(245)-WALK, WALK-BUS(245)-WALK, WALK-BUS(245)-WALK;3;853.1622781838313;693.0;2.0;1355.0;0.0;660.0;3.579999999999984;2.129999999999967;BICYCLE-WALK-BICYCLE-WALK-BICYCLE-WALK-BICYCLE;1;9430.22217293189;2145.0;0.0;2145.0;0.0;0.0;44.79000000000012;38.82000000000011;CAR;1;0.0;2017.0;0.0;2017.0;0.0;0.0;54.110000000000014;49.02999999999999
MIXED_CAR_AND_OTHER;2022-03-30;06:32;07:05;Mroźna 14, 03-654 Warszawa, Polska;52.2899276, 21.07318784258105;Przedszkole nr 7, Sowia 4, 00-318 Warszawa, Polska;52.24569715, 21.01854678018001;WALK;1;6764.821759370948;5408.0;0.0;5408.0;0.0;0.0;33.81999999999999;33.97;WALK-BUS(190)-WALK, WALK-BUS(190)-WALK, WALK-BUS(190)-WALK;3;815.0444962261299;707.0;2.0;1689.0;0.0;980.0;15.189999999999984;6.319999999999993;BICYCLE-WALK-BICYCLE-WALK-BICYCLE;1;6943.612299999386;1675.0;0.0;1675.0;0.0;0.0;30.69999999999996;30.93999999999997;null;0;0.0;0.0;0.0;0.0;0.0;0.0;0.0;0.0
PUBLIC_TRANSPORT;2022-03-30;07:10;07:30;Przedszkole nr 7, Sowia 4, 00-318 Warszawa, Polska;52.24569715, 21.01854678018001;Deloitte House, Aleja Jana Pawła II 19, 00-854 Warszawa, Polska;52.23477485, 20.996782587550697;WALK;1;2327.6442706522243;2007.0;0.0;2007.0;0.0;0.0;3.4699999999999847;33.41999999999997;WALK-BUS(160)-WALK, WALK-BUS(106)-WALK, WALK-BUS(160)-WALK;3;648.3391253003724;599.3333333333334;2.0;1201.3333333333333;0.0;600.0;3.743333333333325;10.673333333333318;BICYCLE-WALK-BICYCLE;1;2445.3414233078583;784.0;0.0;784.0;0.0;0.0;2.0499999999999545;31.03999999999995;CAR;1;0.0;1128.0;0.0;1128.0;0.0;0.0;8.749999999999986;38.929999999999964
PUBLIC_TRANSPORT;2022-03-30;07:30;07:50;Magazynowa 13B, 02-652 Warszawa, Polska;52.187073, 21.003314;Wojciecha Żywnego, 02-701 Warszawa, Polska;52.192274, 21.02611;WALK;1;2007.6789473561937;1610.0;0.0;1610.0;0.0;0.0;5.430000000000035;8.010000000000034;WALK-BUS(218)-WALK, WALK-BUS(222)-WALK, WALK-BUS(218)-WALK;3;639.013245606025;526.6666666666666;2.0;908.6666666666666;0.0;380.0;2.5866666666666966;2.1600000000000157;WALK-BICYCLE;1;2047.5618233078574;561.0;0.0;561.0;0.0;0.0;5.290000000000035;7.440000000000026;CAR;1;0.0;530.0;0.0;530.0;0.0;0.0;3.630000000000038;8.19000000000004
PUBLIC_TRANSPORT;2022-03-30;14:50;15:20;Wojciecha Żywnego, 02-701 Warszawa, Polska;52.192274, 21.02611;Magazynowa 13B, 02-652 Warszawa, Polska;52.187073, 21.003314;WALK;1;2002.703180437505;1599.0;0.0;1599.0;0.0;0.0;8.330000000000027;5.500000000000028;WALK-TRAM(18)-WALK, WALK-BUS(308)-WALK, WALK-TRAM(18)-WALK;3;729.5057092618773;609.3333333333334;2.0;1051.3333333333333;0.0;440.0;2.9633333333333383;2.433333333333337;BICYCLE-WALK;1;2039.1884481195684;536.0;0.0;536.0;0.0;0.0;8.490000000000023;5.910000000000025;CAR;1;0.0;636.0;0.0;636.0;0.0;0.0;9.170000000000016;4.730000000000018
CAR;2022-03-30;14:10;14:45;Aluzyjna 25c, 03-149 Warszawa, Polska;52.3471605, 20.9413547;Aleja Prymasa Tysiąclecia 102, 01-424 Warszawa, Polska;52.248423, 20.957735;WALK;1;13909.271413451046;11305.0;0.0;11305.0;0.0;0.0;88.95999999999994;111.97999999999995;WALK-BUS(511)-BUS(186)-WALK, WALK-BUS(211)-BUS(186)-WALK, WALK-BUS(511)-BUS(186)-WALK;3;587.357518783843;520.0;242.0;2902.0;1.0;2140.0;1.0900000000000034;1.5400000000000063;BICYCLE;1;14357.073199999995;3635.0;0.0;3635.0;0.0;0.0;80.99000000000007;100.21000000000008;null;0;0.0;0.0;0.0;0.0;0.0;0.0;0.0;0.0
CAR;2022-03-30;22:45;23:05;Aleja Prymasa Tysiąclecia 102, 01-424 Warszawa, Polska;52.248423, 20.957735;Aluzyjna 25c, 03-149 Warszawa, Polska;52.3471605, 20.9413547;WALK;1;13922.06770667065;11223.0;0.0;11223.0;0.0;0.0;108.2700000000001;83.57000000000008;WALK-BUS(186)-BUS(211)-WALK, WALK-BUS(186)-BUS(511)-WALK, WALK-TRAM(23)-TRAM(26)-WALK-BUS(511)-WALK;3;596.2072756781358;515.0;916.3333333333334;3511.3333333333335;1.3333333333333333;2080.0;1.7366666666666741;0.8033333333333369;BICYCLE;1;14076.668299999996;3421.0;0.0;3421.0;0.0;0.0;102.77000000000005;74.48000000000006;CAR;1;0.0;2015.0;0.0;2015.0;0.0;0.0;116.47999999999992;96.87999999999992
CAR;2022-03-30;07:00;07:55;Olesin 96C, 03-289 Warszawa, Polska;52.35639595, 21.065659669815744;Urząd Dzielnicy Włochy, Aleja Krakowska 257, 02-133 Warszawa, Polska;52.1922378, 20.959251112574936;WALK;1;23001.134608908193;18439.0;0.0;18439.0;0.0;0.0;74.14999999999992;95.71999999999993;null;0;0.0;0.0;0.0;0.0;0.0;0.0;0.0;0.0;BICYCLE-WALK-BICYCLE;1;23190.94022330783;5565.0;0.0;5565.0;0.0;0.0;103.5399999999999;125.19999999999992;CAR;1;0.0;3011.0;0.0;3011.0;0.0;0.0;169.2500000000001;180.03999999999985
WALKING_ONLY;2022-03-30;11:00;11:20;Piaskowa 9, 01-067 Warszawa, Polska;52.25615975, 20.975550843515457;Ludwika Rydygiera 6C, 01-793 Warszawa, Polska;52.26094095, 20.978697728324462;WALK;1;1354.1488120099136;1158.0;0.0;1158.0;0.0;0.0;24.07000000000002;19.360000000000014;WALK-BUS(180)-WALK-TRAM(27)-WALK, WALK-BUS(180)-BUS(221)-WALK, WALK-BUS(180)-BUS(221)-WALK;3;544.6103383382709;452.3333333333333;218.0;1130.3333333333333;1.0;460.0;1.9100000000000013;2.9999999999999907;BICYCLE;1;1565.1826999999996;381.0;0.0;381.0;0.0;0.0;12.780000000000044;8.31000000000003;CAR;1;0.0;379.0;0.0;379.0;0.0;0.0;10.560000000000088;7.85000000000008
WALKING_ONLY;2022-03-30;13:09;14:05;Ludwika Rydygiera 6C, 01-793 Warszawa, Polska;52.26094095, 20.978697728324462;Przasnyska 12, 01-756 Warszawa, Polska;52.2633678, 20.967029423491475;WALK;1;1201.9958646472671;998.0;0.0;998.0;0.0;0.0;5.380000000000024;8.090000000000032;WALK-BUS(221)-BUS(221)-WALK, WALK-TRAM(28)-WALK-TRAM(22)-WALK, WALK-BUS(221)-BUS(221)-WALK;3;609.6588847003605;525.3333333333334;20.333333333333332;845.6666666666666;1.0;300.0;2.4399999999999977;3.319999999999998;BICYCLE;1;1241.4515999999999;305.0;0.0;305.0;0.0;0.0;68.51;70.00000000000001;CAR;1;0.0;430.0;0.0;430.0;0.0;0.0;3.2700000000000244;4.060000000000031
WALKING_ONLY;2022-03-30;17:18;18:23;Przasnyska 12, 01-756 Warszawa, Polska;52.2633678, 20.967029423491475;Ludwika Rydygiera 18, 01-793 Warszawa, Polska;52.25893565, 20.971630999999988;WALK;1;748.5295187902965;616.0;0.0;616.0;0.0;0.0;1.0499999999999687;3.1699999999999733;WALK-BUS(221)-WALK, WALK-BUS(221)-WALK, WALK-BUS(221)-WALK;3;460.61273683420853;397.0;2.0;459.0;0.0;60.0;0.9599999999999653;1.859999999999971;BICYCLE;1;746.6293000000001;188.0;0.0;188.0;0.0;0.0;0.9899999999999807;3.109999999999985;CAR;1;0.0;308.0;0.0;308.0;0.0;0.0;1.7099999999999937;3.769999999999996
WALKING_ONLY;2022-03-30;19:07;20:29;Ludwika Rydygiera 18, 01-793 Warszawa, Polska;52.25893565, 20.971630999999988;Piaskowa 9, 01-067 Warszawa, Polska;52.25615975, 20.975550843515457;WALK;1;871.1595638960426;753.0;0.0;753.0;0.0;0.0;8.11999999999999;8.769999999999996;WALK-BUS(221)-WALK-BUS(180)-WALK, WALK-BUS(103)-WALK-BUS(103)-WALK, WALK-BUS(180)-WALK-BUS(180)-WALK;3;936.4434085128038;752.3333333333334;138.0;1270.3333333333333;1.0;380.0;3.70999999999997;2.2099999999999747;BICYCLE;1;1034.6028999999999;278.0;0.0;278.0;0.0;0.0;9.089999999999975;9.73999999999998;CAR;1;0.0;274.0;0.0;274.0;0.0;0.0;9.11;9.650000000000006
PUBLIC_TRANSPORT;2022-03-30;05:00;05:40;Skarbka z Gór 126D, 03-287 Warszawa, Polska;52.319797, 21.060192;Władysława Broniewskiego 28, 01-771 Warszawa, Polska;52.26735, 20.963544;WALK;1;11037.843834512774;8932.0;0.0;8932.0;0.0;0.0;68.31999999999988;89.25999999999988;WALK-BUS(152)-WALK-BUS(104)-BUS(114)-WALK, WALK-BUS(204)-BUS(132)-BUS(186)-WALK, WALK-BUS(E-9)-BUS(414)-WALK;3;787.7401603908653;652.0;329.0;2421.0;1.6666666666666667;1440.0;2.843333333333329;3.5266666666666517;BICYCLE;1;12118.348;2981.0;0.0;2981.0;0.0;0.0;67.5699999999999;78.0899999999999;CAR;1;0.0;1093.0;0.0;1093.0;0.0;0.0;65.95;69.43999999999998
PUBLIC_TRANSPORT;2022-03-30;14:10;14:50;Władysława Broniewskiego 28, 01-771 Warszawa, Polska;52.26735, 20.963544;Skarbka z Gór 126D, 03-287 Warszawa, Polska;52.319797, 21.060192;WALK;1;11038.314939777803;8873.0;0.0;8873.0;0.0;0.0;91.23000000000005;70.48000000000003;WALK-BUS(186)-BUS(112)-BUS(527)-WALK, WALK-TRAM(28)-WALK-BUS(500)-BUS(160)-WALK, WALK-BUS(186)-BUS(112)-BUS(527)-WALK;3;705.9621102629725;596.6666666666666;185.66666666666666;2582.3333333333335;2.0;1800.0;3.453333333333333;3.1700000000000066;BICYCLE;1;12081.895600000018;2921.0;0.0;2921.0;0.0;0.0;82.36999999999998;68.11999999999996;CAR;1;0.0;1107.0;0.0;1107.0;0.0;0.0;85.33;75.72
PUBLIC_TRANSPORT;2022-03-30;08:30;09:10;Głębocka 104A, 03-287 Warszawa, Polska;52.317792, 21.068339;Uniwersytet Warszawski, Nowy Świat, 00-046 Warszawa, Polska;52.23784315, 21.017262587258134;null;0;0.0;0.0;0.0;0.0;0.0;0.0;0.0;0.0;null;0;0.0;0.0;0.0;0.0;0.0;0.0;0.0;0.0;null;0;0.0;0.0;0.0;0.0;0.0;0.0;0.0;0.0;null;0;0.0;0.0;0.0;0.0;0.0;0.0;0.0;0.0
PUBLIC_TRANSPORT;2022-03-30;15:20;16:03;Uniwersytet Warszawski, Nowy Świat, 00-046 Warszawa, Polska;52.23784315, 21.017262587258134;Głębocka 104A, 03-287 Warszawa, Polska;52.317792, 21.068339;null;0;0.0;0.0;0.0;0.0;0.0;0.0;0.0;0.0;null;0;0.0;0.0;0.0;0.0;0.0;0.0;0.0;0.0;null;0;0.0;0.0;0.0;0.0;0.0;0.0;0.0;0.0;null;0;0.0;0.0;0.0;0.0;0.0;0.0;0.0;0.0
PUBLIC_TRANSPORT;2022-03-30;12:00;12:20;Wiosenna 3, 03-749 Warszawa, Polska;52.2571877, 21.049123099507838;Ulica Ratuszowa 21, 03-451 Warszawa, Polska;52.260444, 21.035169;WALK;1;1927.676887193687;1593.0;0.0;1593.0;0.0;0.0;8.16000000000004;8.41000000000004;WALK-BUS(170)-WALK, WALK-BUS(170)-WALK, WALK-BUS(170)-WALK;3;664.3601503643188;555.0;2.0;857.0;0.0;300.0;1.9399999999999835;1.579999999999984;BICYCLE-WALK-BICYCLE;1;2006.7780999999998;496.0;0.0;496.0;0.0;0.0;8.179999999999993;8.429999999999993;CAR;1;0.0;747.0;0.0;747.0;0.0;0.0;6.649999999999977;6.409999999999968
PUBLIC_TRANSPORT;2022-03-30;12:40;12:57;Ulica Ratuszowa 21, 03-451 Warszawa, Polska;52.260444, 21.035169;Wiosenna 3, 03-749 Warszawa, Polska;52.2571877, 21.049123099507838;WALK;1;1928.1844435855494;1591.0;0.0;1591.0;0.0;0.0;8.450000000000031;8.210000000000036;WALK-BUS(338)-WALK, WALK-BUS(170)-WALK, WALK-BUS(338)-WALK;3;799.8195638944293;676.0;2.0;1098.0;0.0;420.0;2.5300000000000153;2.2400000000000233;BICYCLE-WALK-BICYCLE;1;2046.1085887217248;501.0;0.0;501.0;0.0;0.0;8.140000000000029;7.380000000000052;CAR;1;0.0;688.0;0.0;688.0;0.0;0.0;7.469999999999985;7.440000000000012
CAR;2022-03-30;13:10;13:45;Wiosenna 3, 03-749 Warszawa, Polska;52.2571877, 21.049123099507838;Rynek Hurtowy Bronisze, Świerkowa 2, 05-819 Bronisze, Polska;52.21669, 20.84078;null;0;0.0;0.0;0.0;0.0;0.0;0.0;0.0;0.0;WALK-TRAM(13)-WALK-BUS(713)-BUS(713), WALK-TRAM(13)-WALK-BUS(743)-BUS(713), WALK-TRAM(13)-WALK-BUS(713)-BUS(713);3;397.0064887138833;340.0;1028.0;6428.0;2.0;5060.0;2.089999999999989;1.6599999999999824;null;0;0.0;0.0;0.0;0.0;0.0;0.0;0.0;0.0;null;0;0.0;0.0;0.0;0.0;0.0;0.0;0.0;0.0
CAR;2022-03-30;14:00;14:40;Rynek Hurtowy Bronisze, Świerkowa 2, 05-819 Bronisze, Polska;52.21669, 20.84078;Wiosenna 3, 03-749 Warszawa, Polska;52.2571877, 21.049123099507838;null;0;0.0;0.0;0.0;0.0;0.0;0.0;0.0;0.0;BUS(713)-WALK-TRAM(13)-WALK, BUS(713)-WALK-TRAM(13)-WALK, BUS(713)-WALK-TRAM(13)-WALK;3;401.4578195399077;348.0;88.0;3376.0;1.0;2940.0;1.2799999999999727;1.6599999999999824;null;0;0.0;0.0;0.0;0.0;0.0;0.0;0.0;0.0;null;0;0.0;0.0;0.0;0.0;0.0;0.0;0.0;0.0
PUBLIC_TRANSPORT;2022-03-30;05:30;07:00;Dolna 3, 00-773 Warszawa, Polska;52.201444, 21.034046;City Space Club Warsaw (Bethoveen), Józefa Piusa Dziekońskiego 1, 00-728 Warszawa, Polska;52.19465425, 21.047502968445535;WALK;1;1571.2504435952305;1268.0;0.0;1268.0;0.0;0.0;5.980000000000004;4.579999999999998;WALK-BUS(519)-WALK-BUS(148)-WALK, WALK-BUS(119)-WALK, WALK-BUS(119)-WALK;3;870.0884561263965;744.3333333333334;19.666666666666668;1024.0;0.3333333333333333;260.0;3.470000000000051;3.630000000000043;BICYCLE;1;1573.0448999999999;367.0;0.0;367.0;0.0;0.0;5.780000000000015;4.38000000000001;CAR;1;0.0;282.0;0.0;282.0;0.0;0.0;4.550000000000011;3.680000000000021
WALKING_ONLY;2022-03-30;05:20;05:45;Trakt Leśny 20B, 02-797 Warszawa, Polska;52.125580400000004, 21.08379300378168;Wąwozowa 36, 02-798 Warszawa, Polska;52.13153805, 21.056766292754425;WALK;1;2325.174315777331;1862.0;0.0;1862.0;0.0;0.0;11.11;12.599999999999994;null;0;0.0;0.0;0.0;0.0;0.0;0.0;0.0;0.0;BICYCLE;1;2473.8106000000016;594.0;0.0;594.0;0.0;0.0;10.050000000000011;11.970000000000013;CAR;1;0.0;565.0;0.0;565.0;0.0;0.0;6.720000000000027;7.530000000000015
PUBLIC_TRANSPORT;2022-03-30;11:50;12:15;Sprawna 8, 03-147 Warszawa, Polska;52.340011, 20.93559;Chylińscy - Dealer Volkswagen, Sąsiedzka 4, 03-168 Warszawa, Polska;52.32215695, 20.97272583799269;WALK;1;3768.6444285368543;3096.0;0.0;3096.0;0.0;0.0;42.770000000000024;43.18000000000002;WALK-BUS(211)-BUS(509)-WALK, WALK-BUS(516)-WALK, WALK-BUS(516)-WALK;3;639.4240927204147;534.6666666666666;2.0;1296.6666666666667;0.3333333333333333;760.0;3.0700000000000216;1.390000000000029;BICYCLE;1;4075.0431;936.0;0.0;936.0;0.0;0.0;14.009999999999977;15.20999999999998;CAR;1;0.0;883.0;0.0;883.0;0.0;0.0;8.46999999999997;8.959999999999965
PUBLIC_TRANSPORT;2022-03-30;07:00;07:25;Kompasowa 10, 04-048 Warszawa, Polska;52.232128, 21.085206;Tytusa Chałubińskiego 6, 00-613 Warszawa, Polska;52.224634, 21.004172;WALK;1;6414.9500150019085;5224.0;0.0;5224.0;0.0;0.0;26.380000000000067;53.07000000000008;WALK-BUS(151)-WALK, WALK-BUS(151)-WALK, WALK-BUS(151)-WALK;3;722.1944060097973;588.0;2.0;1750.0;0.0;1160.0;3.5499999999999687;2.82999999999997;BICYCLE-WALK;1;7430.673382706318;1771.0;0.0;1771.0;0.0;0.0;18.419999999999945;34.74999999999994;CAR;1;0.0;1048.0;0.0;1048.0;0.0;0.0;32.20000000000002;57.209999999999994
OTHER;2022-03-30;15:30;16:11;Tytusa Chałubińskiego 6, 00-613 Warszawa, Polska;52.224634, 21.004172;Galeria Młociny, Zgrupowania AK "Kampinos" 15, 01-943 Warszawa, Polska;52.29545215, 20.931114988780923;WALK;1;10115.732233058729;7949.0;0.0;7949.0;0.0;0.0;40.620000000000005;35.18000000000002;WALK-TRAM(17)-TRAM(6)-WALK, WALK-TRAM(17)-TRAM(6)-WALK, WALK-TRAM(17)-TRAM(6)-WALK;3;643.392864655334;523.0;242.0;2685.0;1.0;1920.0;3.3100000000000023;3.3599999999999994;WALK-BICYCLE;1;10136.391600000006;2377.0;0.0;2377.0;0.0;0.0;44.119999999999976;34.15999999999998;CAR;1;0.0;1799.0;0.0;1799.0;0.0;0.0;99.71999999999976;92.47999999999976
CAR;2022-03-30;20:20;20:30;Galeria Młociny, Zgrupowania AK "Kampinos" 15, 01-943 Warszawa, Polska;52.29545215, 20.931114988780923;Kompasowa 10, 04-048 Warszawa, Polska;52.232128, 21.085206;WALK;1;15020.633180364875;12010.0;0.0;12010.0;0.0;0.0;81.42000000000004;60.57000000000009;WALK-TRAM(2)-WALK-SUBWAY-WALK-BUS(151)-WALK, WALK-TRAM(6)-TRAM(6)-WALK-BUS(135)-WALK, WALK-TRAM(2)-WALK-TRAM(33)-WALK-BUS(151)-WALK;3;924.0959523745756;741.6666666666666;426.3333333333333;4188.0;2.0;3020.0;4.246666666666674;4.546666666666667;BICYCLE;1;15456.095000000001;3655.0;0.0;3655.0;0.0;0.0;78.42999999999998;55.84;CAR;1;0.0;2029.0;0.0;2029.0;0.0;0.0;113.82999999999996;96.13999999999999
PUBLIC_TRANSPORT;2022-03-30;08:15;08:45;Kryształowa 42, 01-356 Warszawa, Polska;52.232734, 20.908617;Centralny Zarząd Służby Więziennej, Rakowiecka 37a, 02-517 Warszawa, Polska;52.2075656, 21.0094267;WALK;1;9234.056481140333;7443.0;0.0;7443.0;0.0;0.0;40.57000000000002;42.500000000000014;null;0;0.0;0.0;0.0;0.0;0.0;0.0;0.0;0.0;BICYCLE-WALK-BICYCLE;1;9926.521993232667;2395.0;0.0;2395.0;0.0;0.0;42.42999999999992;40.75999999999989;CAR;1;0.0;1978.0;0.0;1978.0;0.0;0.0;41.20000000000003;41.45
CAR;2022-03-30;15:30;15:56;Krasnobrodzka 10, 03-214 Warszawa, Polska;52.2991285, 21.047927;Śreniawitów 10, 03-188 Warszawa, Polska;52.316162, 20.964383;WALK;1;7879.571052593788;6326.0;0.0;6326.0;0.0;0.0;58.23999999999991;57.5499999999999;WALK-BUS(118)-WALK-BUS(211)-WALK, WALK-BUS(500)-WALK-BUS(509)-WALK, WALK-BUS(414)-WALK-TRAM(17)-WALK;3;1078.359426052135;891.6666666666666;101.0;2712.6666666666665;1.0;1720.0;2.6299999999999955;2.8233333333333235;BICYCLE;1;8509.198199999997;1970.0;0.0;1970.0;0.0;0.0;36.25;33.0;CAR;1;0.0;1636.0;0.0;1636.0;0.0;0.0;51.019999999999996;56.81999999999999
PUBLIC_TRANSPORT;2022-03-30;07:00;08:00;Świeradowska 42, 02-662 Warszawa, Polska;52.177832, 21.01885;Zygmunta Krasińskiego 16, 01-581 Warszawa, Polska;52.2680303, 20.98214665956864;WALK;1;11036.607263122238;8764.0;0.0;8764.0;0.0;0.0;43.380000000000024;37.40000000000006;WALK-TRAM(10)-WALK-SUBWAY-WALK, WALK-TRAM(35)-WALK-BUS(518)-WALK, WALK-TRAM(4)-TRAM(15)-WALK;3;802.579202993605;686.3333333333334;147.33333333333334;2933.6666666666665;1.0;2100.0;2.34666666666665;1.8033333333333086;BICYCLE;1;11080.433900000005;2599.0;0.0;2599.0;0.0;0.0;48.11999999999999;38.26000000000002;CAR;1;0.0;2273.0;0.0;2273.0;0.0;0.0;69.73999999999992;60.34999999999994
PUBLIC_TRANSPORT;2022-03-30;06:38;07:04;Edwarda Warchałowskiego 2, 02-776 Warszawa, Polska;52.14409115, 21.0463846460069;Ministerstwo Infrastruktury, Tytusa Chałubińskiego 6, 00-613 Warszawa, Polska;52.22464205, 21.004282984901963;WALK;1;10137.889518762871;8072.0;0.0;8072.0;0.0;0.0;36.95999999999995;45.47000000000001;WALK-BUS(503)-WALK-SUBWAY-WALK-TRAM(17)-WALK, WALK-BUS(504)-WALK-TRAM(17)-WALK, WALK-BUS(504)-WALK-TRAM(41)-WALK;3;695.4110902179459;577.3333333333334;170.33333333333334;2547.6666666666665;1.3333333333333333;1800.0;3.48333333333332;4.536666666666652;BICYCLE-WALK;1;10283.405463157484;2457.0;0.0;2457.0;0.0;0.0;33.67999999999995;40.959999999999994;CAR;1;0.0;2073.0;0.0;2073.0;0.0;0.0;34.59999999999991;41.34999999999994
PUBLIC_TRANSPORT;2022-03-30;15:30;16:05;Ministerstwo Infrastruktury, Tytusa Chałubińskiego 6, 00-613 Warszawa, Polska;52.22464205, 21.004282984901963;Dereniowa 10, 02-776 Warszawa, Polska;52.146466149999995, 21.0440242442748;WALK;1;9766.214819514098;7742.0;0.0;7742.0;0.0;0.0;42.07999999999991;32.499999999999844;WALK-TRAM(17)-WALK-SUBWAY-WALK, WALK-TRAM(41)-WALK-BUS(504)-WALK, WALK-TRAM(10)-WALK-BUS(192)-WALK;3;629.5657142770328;528.0;140.33333333333334;2708.3333333333335;1.0;2040.0;1.876666666666689;2.3200000000000167;WALK-BICYCLE;1;10063.215199999988;2384.0;0.0;2384.0;0.0;0.0;45.800000000000054;37.44000000000001;CAR;1;0.0;2077.0;0.0;2077.0;0.0;0.0;41.02000000000008;34.680000000000035
WALKING_ONLY;2022-03-30;16:10;16:14;Dereniowa 10, 02-776 Warszawa, Polska;52.146466149999995, 21.0440242442748;Kucharek sześć, Dereniowa 6, 02-776 Warszawa, Polska;52.145525, 21.04467;WALK;1;172.6989924780733;149.0;0.0;149.0;0.0;0.0;0.13000000000000966;2.0600000000000023;WALK;1;172.6989924780733;149.0;0.0;149.0;0.0;0.0;0.13000000000000966;2.0600000000000023;BICYCLE;1;172.62779999999998;48.0;0.0;48.0;0.0;0.0;0.13000000000000966;2.0600000000000023;CAR;1;0.0;79.0;0.0;79.0;0.0;0.0;2.570000000000036;2.600000000000037
WALKING_ONLY;2022-03-30;16:17;16:20;Kucharek sześć, Dereniowa 6, 02-776 Warszawa, Polska;52.145525, 21.04467;Szkoła Podstawowa nr 323 im. Polskich Olimpijczyków, Edwarda Warchałowskiego 4, 02-776 Warszawa, Polska;52.14477285, 21.04705172583273;WALK;1;344.85352630738305;313.0;0.0;313.0;0.0;0.0;5.070000000000022;6.880000000000024;WALK;1;344.85352630738305;313.0;0.0;313.0;0.0;0.0;5.070000000000022;6.880000000000024;BICYCLE;1;482.9233;150.0;0.0;150.0;0.0;0.0;5.360000000000014;7.170000000000016;CAR;1;0.0;344.0;0.0;344.0;0.0;0.0;10.300000000000011;11.03000000000003
WALKING_ONLY;2022-03-30;16:30;16:40;Szkoła Podstawowa nr 323 im. Polskich Olimpijczyków, Edwarda Warchałowskiego 4, 02-776 Warszawa, Polska;52.14477285, 21.04705172583273;Szkoła Podstawowa nr 323 im. Polskich Olimpijczyków, Ludwika Hirszfelda 11, 02-776 Warszawa, Polska;52.1440957, 21.040495356943058;WALK;1;623.7994060033436;556.0;0.0;556.0;0.0;0.0;5.970000000000013;10.29000000000002;WALK-BUS(503)-WALK, WALK-BUS(503)-WALK, WALK-BUS(192)-WALK;3;508.88813031445244;453.3333333333333;2.0;555.3333333333334;0.0;100.0;3.053333333333351;5.393333333333359;BICYCLE;1;673.2275999999998;207.0;0.0;207.0;0.0;0.0;5.609999999999999;9.930000000000007;CAR;1;0.0;476.0;0.0;476.0;0.0;0.0;9.200000000000003;13.090000000000018
PUBLIC_TRANSPORT;2022-03-30;07:35;08:05;03-757 Warszawa, Polska;52.2598899, 21.0543918;Wspólna 30, 00-519 Warszawa, Polska;52.227782, 21.015562617626998;WALK;1;5411.312218001966;4495.0;0.0;4495.0;0.0;0.0;17.450000000000017;48.57000000000002;WALK-TRAM(7)-WALK-TRAM(18)-WALK, WALK-BUS(170)-WALK-TRAM(4)-WALK, WALK-TRAM(7)-WALK-TRAM(18)-WALK;3;710.6438095117477;601.0;56.666666666666664;1917.6666666666667;1.0;1260.0;2.1466666666666754;1.8233333333333424;BICYCLE;1;5927.181599999997;1421.0;0.0;1421.0;0.0;0.0;18.590000000000046;36.15000000000005;CAR;1;0.0;1306.0;0.0;1306.0;0.0;0.0;11.679999999999993;29.11
WALKING_ONLY;2022-03-30;16:35;17:45;Wspólna 30, 00-519 Warszawa, Polska;52.227782, 21.015562617626998;Radzymińska 12, 03-752 Warszawa, Polska;52.25636395, 21.051096987247924;WALK;1;4919.893706727136;3945.0;0.0;3945.0;0.0;0.0;47.80000000000001;17.000000000000014;WALK-BUS(507)-WALK-TRAM(7)-WALK, WALK-BUS(507)-WALK-TRAM(7)-WALK, WALK-TRAM(4)-TRAM(13)-WALK;3;611.1995388369363;512.0;166.66666666666666;1738.6666666666667;1.0;1060.0;1.4100000000000013;1.8033333333333463;BICYCLE-WALK-BICYCLE;1;5226.031213533434;1219.0;0.0;1219.0;0.0;0.0;43.65000000000002;14.540000000000035;CAR;1;0.0;1118.0;0.0;1118.0;0.0;0.0;33.239999999999995;8.069999999999993
WALKING_ONLY;2022-03-30;17:50;18:00;Radzymińska 12, 03-752 Warszawa, Polska;52.25636395, 21.051096987247924;03-757 Warszawa, Polska;52.2598899, 21.0543918;WALK;1;578.1843308211843;466.0;0.0;466.0;0.0;0.0;1.9399999999999693;1.5199999999999818;WALK-TRAM(13)-WALK, WALK-BUS(338)-WALK, WALK-BUS(138)-WALK;3;429.5645538786385;360.6666666666667;2.0;462.6666666666667;0.0;100.0;1.269999999999996;1.9799999999999993;BICYCLE;1;578.0504999999999;135.0;0.0;135.0;0.0;0.0;1.9399999999999693;1.5199999999999818;CAR;1;0.0;214.0;0.0;214.0;0.0;0.0;3.4099999999999824;2.839999999999975
PUBLIC_TRANSPORT;2022-03-30;05:30;06:17;Ulica Antoniego Pajdaka 7, 03-134 Warszawa, Polska;52.328614, 20.94262;Straż Miejska m.st. Warszawy - III Oddział Terenowy, Przemyska 18, 02-361 Warszawa, Polska;52.212955, 20.974131;WALK;1;15981.397270608648;12880.0;0.0;12880.0;0.0;0.0;89.17000000000006;117.68000000000006;WALK-BUS(186)-WALK, WALK-BUS(186)-WALK, WALK-BUS(186)-WALK;3;829.1555338244698;694.0;2.0;3176.0;0.0;2480.0;2.5900000000000176;5.050000000000011;BICYCLE;1;16178.616899999999;4018.0;0.0;4018.0;0.0;0.0;79.14000000000013;102.10000000000015;CAR;1;0.0;1963.0;0.0;1963.0;0.0;0.0;157.88999999999993;181.52999999999986
PUBLIC_TRANSPORT;2022-03-30;14:30;14:35;Straż Miejska m.st. Warszawy - III Oddział Terenowy, Przemyska 18, 02-361 Warszawa, Polska;52.212955, 20.974131;Ulica Antoniego Pajdaka 7, 03-134 Warszawa, Polska;52.328614, 20.94262;WALK;1;15976.809270610258;12656.0;0.0;12656.0;0.0;0.0;117.94000000000018;88.53000000000017;WALK-BUS(186)-WALK, WALK-BUS(186)-WALK, WALK-BUS(186)-WALK;3;541.9975789382826;453.0;2.0;3395.0;0.0;2940.0;2.910000000000025;2.170000000000016;BICYCLE;1;16359.695799999983;3914.0;0.0;3914.0;0.0;0.0;113.19000000000017;82.78000000000019;CAR;1;0.0;2099.0;0.0;2099.0;0.0;0.0;201.64999999999955;177.84999999999945
WALKING_ONLY;2022-03-30;08:40;09:55;Świętojerska 4/10, 00-236 Warszawa, Polska;52.251414, 21.007075;Bielańska 12, 00-085 Warszawa, Polska;52.24504, 21.005637;WALK;1;1101.6813157724905;952.0;0.0;952.0;0.0;0.0;5.6499999999999915;11.780000000000001;WALK-BUS(518)-WALK-TRAM(18)-WALK, WALK-BUS(178)-WALK-TRAM(13)-WALK, WALK-BUS(180)-WALK-TRAM(15)-WALK;3;866.9599222922469;742.0;86.0;1108.0;1.0;280.0;3.566666666666672;5.286666666666686;WALK-BICYCLE-WALK;1;1204.568303007088;393.0;0.0;393.0;0.0;0.0;3.1299999999999955;9.260000000000005;CAR;1;0.0;394.0;0.0;394.0;0.0;0.0;2.2800000000000153;8.130000000000024
WALKING_ONLY;2022-03-30;19:20;19:40;Bielańska 12, 00-085 Warszawa, Polska;52.24504, 21.005637;Świętojerska 4/10, 00-236 Warszawa, Polska;52.251414, 21.007075;WALK;1;1098.4674661464903;922.0;0.0;922.0;0.0;0.0;11.560000000000002;5.320000000000007;WALK-BUS(111)-WALK-BUS(180)-WALK, WALK-TRAM(15)-WALK-BUS(116)-WALK, WALK-BUS(222)-WALK-BUS(503)-WALK;3;757.5462481101071;632.0;61.333333333333336;1133.3333333333333;1.0;440.0;5.283333333333346;3.2400000000000184;WALK-BICYCLE-WALK;1;1349.25083308228;390.0;0.0;390.0;0.0;0.0;10.800000000000011;4.5600000000000165;CAR;1;0.0;390.0;0.0;390.0;0.0;0.0;10.26000000000002;4.020000000000024
PUBLIC_TRANSPORT;2022-03-30;06:02;06:30;UP Warszawa 125, Stanisława Wojciechowskiego 37, 02-495 Warszawa, Polska;52.1947318, 20.8714124;Instytut Pamięci Narodowej – Komisja Ścigania Zbrodni przeciwko Narodowi Polskiemu, Janusza Kurtyki 1, 02-676 Warsaw, Poland;52.1814028, 20.9984346;WALK;1;10099.674202946813;8062.0;0.0;8062.0;0.0;0.0;51.039999999999964;50.12999999999994;WALK-BUS(187)-BUS(401)-WALK-TRAM(41)-WALK, WALK-BUS(401)-WALK-TRAM(41)-WALK, WALK-BUS(401)-WALK-TRAM(17)-WALK;3;839.7900100179421;674.3333333333334;138.0;2492.3333333333335;1.3333333333333333;1680.0;3.273333333333317;1.8366666666666542;WALK-BICYCLE-WALK-BICYCLE-WALK-BICYCLE;1;12003.302546615701;2880.0;0.0;2880.0;0.0;0.0;57.790000000000035;55.480000000000075;CAR;1;0.0;1599.0;0.0;1599.0;0.0;0.0;76.27000000000002;67.25999999999999
PUBLIC_TRANSPORT;2022-03-30;15:00;16:00;Instytut Pamięci Narodowej – Komisja Ścigania Zbrodni przeciwko Narodowi Polskiemu, Janusza Kurtyki 1, 02-676 Warsaw, Poland;52.1814028, 20.9984346;UP Warszawa 125, Stanisława Wojciechowskiego 37, 02-495 Warszawa, Polska;52.1947318, 20.8714124;WALK;1;10099.44274429968;8032.0;0.0;8032.0;0.0;0.0;50.43000000000002;50.52000000000004;WALK-BUS(401)-WALK, WALK-BUS(401)-WALK, WALK-BUS(401)-WALK;3;711.1296014959958;590.0;2.0;2512.0;0.0;1920.0;2.250000000000057;4.240000000000052;BICYCLE-WALK-BICYCLE-WALK;1;11225.529012029581;2636.0;0.0;2636.0;0.0;0.0;52.44999999999996;50.249999999999986;CAR;1;0.0;1477.0;0.0;1477.0;0.0;0.0;59.94000000000007;57.62000000000009
WALKING_ONLY;2022-03-30;06:40;07:05;Żabka, Jana Kochanowskiego 23, 01-864 Warszawa, Polska;52.2677454, 20.9465826;Przedszkole nr 271 "Wróbelka Elemelka", Władysława Broniewskiego 93, 01-877 Warszawa, Polska;52.27098495, 20.94100873459485;WALK;1;664.8165338244697;567.0;0.0;567.0;0.0;0.0;5.8299999999999415;5.329999999999956;WALK-BUS(122)-WALK, WALK-BUS(180)-WALK, WALK-BUS(122)-WALK;3;485.7633608895307;423.0;2.0;485.0;0.0;60.0;3.9499999999999744;1.3599999999999852;BICYCLE;1;673.6996;184.0;0.0;184.0;0.0;0.0;5.339999999999947;4.839999999999961;CAR;1;0.0;332.0;0.0;332.0;0.0;0.0;3.8500000000000085;2.990000000000009
PUBLIC_TRANSPORT;2022-03-30;07:20;08:00;Przedszkole nr 271 "Wróbelka Elemelka", Władysława Broniewskiego 93, 01-877 Warszawa, Polska;52.27098495, 20.94100873459485;Zachęta, Plac Stanisława Małachowskiego 3, 00-063 Warszawa, Polska;52.239351, 21.01174;WALK;1;6900.093014982544;5635.0;0.0;5635.0;0.0;0.0;27.600000000000037;35.72000000000003;WALK-TRAM(35)-WALK, WALK-TRAM(35)-WALK, WALK-TRAM(35)-WALK;3;873.883548850576;748.0;2.0;2190.0;0.0;1440.0;5.070000000000022;1.7900000000000205;BICYCLE-WALK;1;7188.853553383057;1711.0;0.0;1711.0;0.0;0.0;30.34999999999998;28.469999999999956;CAR;1;0.0;1446.0;0.0;1446.0;0.0;0.0;24.959999999999923;29.199999999999932
PUBLIC_TRANSPORT;2022-03-30;18:00;18:50;Zachęta, Plac Stanisława Małachowskiego 3, 00-063 Warszawa, Polska;52.239351, 21.01174;Żabka, Jana Kochanowskiego 23, 01-864 Warszawa, Polska;52.2677454, 20.9465826;WALK;1;6295.579022499631;5101.0;0.0;5101.0;0.0;0.0;36.020000000000024;25.700000000000017;WALK-BUS(180)-WALK, WALK-BUS(180)-WALK, WALK-BUS(180)-WALK;3;682.836917281394;563.0;2.0;2325.0;0.0;1760.0;4.480000000000032;1.4400000000000261;WALK-BICYCLE;1;6517.906300000006;1560.0;0.0;1560.0;0.0;0.0;34.980000000000004;25.889999999999986;CAR;1;0.0;1447.0;0.0;1447.0;0.0;0.0;26.51000000000002;27.95000000000003
WALKING_ONLY;2022-03-30;19:30;19:40;Żabka, Jana Kochanowskiego 23, 01-864 Warszawa, Polska;52.2677454, 20.9465826;Jana Kochanowskiego 47, 01-864 Warszawa, Polska;52.2700707, 20.937913416394963;WALK;1;758.8275338276961;628.0;0.0;628.0;0.0;0.0;5.69999999999996;6.919999999999973;WALK-BUS(180)-WALK, WALK-BUS(122)-WALK, WALK-BUS(180)-WALK;3;412.8872030000585;349.0;2.0;411.0;0.0;60.0;3.249999999999986;2.049999999999983;BICYCLE;1;782.3795999999998;202.0;0.0;202.0;0.0;0.0;5.19999999999996;6.089999999999961;CAR;1;0.0;330.0;0.0;330.0;0.0;0.0;3.0;4.799999999999997
WALKING_ONLY;2022-03-30;20:20;20:30;Jana Kochanowskiego 47, 01-864 Warszawa, Polska;52.2700707, 20.937913416394963;Żabka, Jana Kochanowskiego 23, 01-864 Warszawa, Polska;52.2677454, 20.9465826;WALK;1;758.8256541285086;615.0;0.0;615.0;0.0;0.0;8.060000000000016;5.530000000000001;WALK-BUS(180)-WALK, WALK-BUS(103)-WALK, WALK-BUS(122)-WALK;3;399.87686966995193;328.0;2.0;470.0;0.0;140.0;3.3400000000000083;3.1133333333333204;BICYCLE;1;809.9990000000001;194.0;0.0;194.0;0.0;0.0;7.480000000000004;3.9499999999999886;CAR;1;0.0;308.0;0.0;308.0;0.0;0.0;4.780000000000001;2.920000000000016
CAR;2022-03-30;07:00;07:30;Simona Bolivara 2, 03-340 Warszawa, Polska;52.289311, 21.042579;Urząd Miasta Legionowo, Marszałka Józefa Piłsudskiego 41, 05-120 Legionowo, Polska;52.39519575, 20.931376813971287;null;0;0.0;0.0;0.0;0.0;0.0;0.0;0.0;0.0;WALK-BUS(145)-WALK-BUS(731)-BUS(L34), WALK-BUS(114)-WALK-BUS(723)-BUS(L41), WALK-BUS(114)-WALK-BUS(723)-BUS(L10);3;473.83093984556035;386.6666666666667;1488.3333333333333;4715.0;2.0;2840.0;0.7399999999999949;1.2099999999999937;null;0;0.0;0.0;0.0;0.0;0.0;0.0;0.0;0.0;null;0;0.0;0.0;0.0;0.0;0.0;0.0;0.0;0.0
CAR;2022-03-30;16:00;16:30;Urząd Miasta Legionowo, Marszałka Józefa Piłsudskiego 41, 05-120 Legionowo, Polska;52.39519575, 20.931376813971287;Simona Bolivara 2, 03-340 Warszawa, Polska;52.289311, 21.042579;null;0;0.0;0.0;0.0;0.0;0.0;0.0;0.0;0.0;BUS(L41)-BUS(L41)-BUS(723)-WALK-BUS(114)-WALK, BUS(736)-BUS(126)-WALK, BUS(736)-WALK-BUS(145)-WALK;3;403.60890976968494;328.3333333333333;359.0;3927.3333333333335;1.6666666666666667;3240.0;0.9399999999999977;0.7533333333333351;null;0;0.0;0.0;0.0;0.0;0.0;0.0;0.0;0.0;null;0;0.0;0.0;0.0;0.0;0.0;0.0;0.0;0.0
PUBLIC_TRANSPORT;2022-03-30;05:00;05:40;Ulica Zwierzyniecka 8C, 00-719 Warszawa, Polska;52.2084, 21.051283;Warszawa Dawidy 02, Baletowa, 02-870 Warszawa, Polska;52.1285649, 20.9910943;WALK;1;11929.111751824814;9553.0;0.0;9553.0;0.0;0.0;58.22000000000001;79.91;WALK-BUS(185)-BUS(815)-WALK, WALK-BUS(187)-WALK-RAIL-WALK, WALK-BUS(159)-WALK-RAIL-WALK;3;663.6536666575245;547.3333333333334;300.6666666666667;3228.0;1.0;2380.0;1.863333333333325;1.96999999999998;BICYCLE;1;12364.951300000002;2986.0;0.0;2986.0;0.0;0.0;39.54000000000006;60.25000000000007;CAR;1;0.0;2034.0;0.0;2034.0;0.0;0.0;38.53000000000003;61.06000000000002
PUBLIC_TRANSPORT;2022-03-30;12:12;16:15;Sienna Centre, Sienna 75, 00-833 Warszawa, Polska;52.23027, 20.994327;Boska! Włoska, Markowska 22, 03-741 Warszawa, Polska;52.2554907, 21.0418293;WALK;1;5120.932248071924;4170.0;0.0;4170.0;0.0;0.0;46.849999999999895;18.929999999999907;WALK-BUS(157)-WALK-TRAM(13)-WALK-BUS(138)-WALK, WALK-BUS(178)-WALK-SUBWAY-WALK-BUS(338)-WALK, WALK-BUS(109)-WALK-BUS(138)-WALK;3;667.8058696672632;548.6666666666666;236.33333333333334;2205.0;1.6666666666666667;1420.0;1.3266666666666538;1.9033333333333218;BICYCLE;1;5363.0261;1213.0;0.0;1213.0;0.0;0.0;44.14999999999992;23.079999999999927;CAR;1;0.0;1065.0;0.0;1065.0;0.0;0.0;54.94999999999986;31.669999999999874
MIXED_CAR_AND_OTHER;2022-03-30;13:13;05:05;Boska! Włoska, Markowska 22, 03-741 Warszawa, Polska;52.2554907, 21.0418293;Księdza Jerzego Popiełuszki 11A, 01-595 Warszawa, Polska;52.2670708, 20.975400423975934;WALK;1;6311.151721751632;5166.0;0.0;5166.0;0.0;0.0;29.660000000000025;48.47000000000004;WALK-BUS(338)-WALK-TRAM(28)-WALK-BUS(114)-WALK, WALK-BUS(162)-WALK-TRAM(6)-WALK-TRAM(27)-WALK, WALK-BUS(170)-WALK-TRAM(28)-WALK-BUS(122)-WALK;3;1030.1209724190646;840.6666666666666;370.0;2470.6666666666665;2.0;1260.0;3.5466666666666433;3.0099999999999816;BICYCLE;1;6588.755500000002;1711.0;0.0;1711.0;0.0;0.0;22.470000000000084;40.85000000000008;CAR;1;0.0;1423.0;0.0;1423.0;0.0;0.0;38.55000000000004;55.68000000000002
WALKING_ONLY;2022-03-30;05:04;05:06;Księdza Jerzego Popiełuszki 11A, 01-595 Warszawa, Polska;52.2670708, 20.975400423975934;Jagiellońska 47, 03-301 Warszawa, Polska;52.2658929, 21.01994455179182;WALK;1;4377.999097715672;3552.0;0.0;3552.0;0.0;0.0;45.35999999999993;32.13999999999993;WALK-BUS(114)-WALK-TRAM(28)-WALK, WALK-TRAM(27)-WALK-TRAM(1)-WALK, WALK-BUS(114)-WALK-BUS(509)-WALK;3;879.4401227962899;719.3333333333334;51.333333333333336;1610.6666666666667;1.0;840.0;4.149999999999959;3.3133333333332993;BICYCLE;1;4651.878900000002;1116.0;0.0;1116.0;0.0;0.0;38.779999999999916;17.74999999999993;CAR;1;0.0;937.0;0.0;937.0;0.0;0.0;44.63999999999996;26.83999999999999
WALKING_ONLY;2022-03-30;05:05;05:04;Jagiellońska 47, 03-301 Warszawa, Polska;52.2658929, 21.01994455179182;Ulica Rybaki 35, 00-221 Warszawa, Polska;52.255993, 21.009011;WALK;1;2002.5413307985975;1695.0;0.0;1695.0;0.0;0.0;17.14999999999999;25.59999999999998;WALK-TRAM(18)-WALK-BUS(118)-WALK, WALK-TRAM(28)-WALK-BUS(503)-WALK, WALK-TRAM(1)-WALK-BUS(185)-WALK;3;660.9074786862611;560.3333333333334;266.0;1066.3333333333333;1.0;240.0;5.219999999999975;5.3599999999999755;BICYCLE;1;2442.9675999999995;684.0;0.0;684.0;0.0;0.0;21.67999999999998;25.949999999999974;CAR;1;0.0;600.0;0.0;600.0;0.0;0.0;45.67999999999998;50.729999999999976
WALKING_ONLY;2022-03-30;13:45;13:55;Płatnerska 57, 04-493 Warszawa, Polska;52.248483300000004, 21.168246872954825;Grzybowa 3, 04-498 Warszawa, Polska;52.25194585, 21.17065806440604;WALK;1;563.5379398439471;462.0;0.0;462.0;0.0;0.0;1.0000000000000142;1.720000000000013;null;0;0.0;0.0;0.0;0.0;0.0;0.0;0.0;0.0;BICYCLE;1;570.9064;138.0;0.0;138.0;0.0;0.0;0.9500000000000455;1.6700000000000443;CAR;1;0.0;161.0;0.0;161.0;0.0;0.0;1.4699999999999989;1.710000000000008
WALKING_ONLY;2022-03-30;14:30;14:40;Grzybowa 3, 04-498 Warszawa, Polska;52.25194585, 21.17065806440604;Płatnerska 57, 04-493 Warszawa, Polska;52.248483300000004, 21.168246872954825;WALK;1;563.5379398439469;458.0;0.0;458.0;0.0;0.0;1.519999999999996;1.2699999999999818;WALK;1;563.5379398439469;458.0;0.0;458.0;0.0;0.0;1.519999999999996;1.2699999999999818;BICYCLE;1;569.3562;134.0;0.0;134.0;0.0;0.0;1.6199999999999761;1.369999999999962;CAR;1;0.0;161.0;0.0;161.0;0.0;0.0;1.7300000000000182;1.3300000000000125
CAR;2022-03-30;18:00;18:05;Płatnerska 57, 04-493 Warszawa, Polska;52.248483300000004, 21.168246872954825;Dokerów 40, 04-487 Warszawa, Polska;52.2508676, 21.17054174332633;WALK;1;452.43222555938513;369.0;0.0;369.0;0.0;0.0;0.5700000000000216;1.2600000000000193;WALK;1;452.43222555938513;369.0;0.0;369.0;0.0;0.0;0.5700000000000216;1.2600000000000193;BICYCLE;1;458.04550000000006;110.0;0.0;110.0;0.0;0.0;0.6300000000000381;1.3200000000000358;CAR;1;0.0;120.0;0.0;120.0;0.0;0.0;1.4899999999999949;1.7000000000000028
CAR;2022-03-30;19:30;19:35;Dokerów 40, 04-487 Warszawa, Polska;52.2508676, 21.17054174332633;Płatnerska 57, 04-493 Warszawa, Polska;52.248483300000004, 21.168246872954825;WALK;1;451.05209022117265;364.0;0.0;364.0;0.0;0.0;1.15000000000002;0.7000000000000028;WALK;1;451.05209022117265;364.0;0.0;364.0;0.0;0.0;1.15000000000002;0.7000000000000028;BICYCLE;1;458.27619999999996;102.0;0.0;102.0;0.0;0.0;1.25;0.799999999999983;CAR;1;0.0;120.0;0.0;120.0;0.0;0.0;1.9100000000000108;1.2800000000000153
PUBLIC_TRANSPORT;2022-03-30;07:15;07:20;Ulica Capri 2, 02-762 Warszawa, Polska;52.17531, 21.05819;Ulica Ludwika Narbutta 84, 02-524 Warszawa, Polska;52.204169, 21.002323;WALK;1;6147.593285679936;4969.0;0.0;4969.0;0.0;0.0;13.490000000000009;33.03999999999999;WALK-BUS(522)-BUS(119)-WALK, WALK-BUS(130)-WALK, WALK-BUS(130)-WALK;3;816.7266591372108;673.6666666666666;2.0;2175.6666666666665;0.3333333333333333;1500.0;2.033333333333355;3.286666666666681;BICYCLE;1;6164.230099999996;1541.0;0.0;1541.0;0.0;0.0;12.59999999999998;31.659999999999997;null;0;0.0;0.0;0.0;0.0;0.0;0.0;0.0;0.0
PUBLIC_TRANSPORT;2022-03-30;16:05;16:20;Ulica Ludwika Narbutta 84, 02-524 Warszawa, Polska;52.204169, 21.002323;Ulica Capri 2, 02-762 Warszawa, Polska;52.17531, 21.05819;WALK;1;6147.322225528727;4877.0;0.0;4877.0;0.0;0.0;33.97000000000001;13.750000000000028;WALK-BUS(130)-WALK, WALK-BUS(168)-BUS(522)-WALK, WALK-BUS(130)-WALK;3;818.7316365859512;650.3333333333334;2.0;2332.3333333333335;0.3333333333333333;1680.0;2.826666666666663;1.7866666666666806;BICYCLE;1;6490.658900000002;1510.0;0.0;1510.0;0.0;0.0;36.15000000000006;14.790000000000035;CAR;1;0.0;1489.0;0.0;1489.0;0.0;0.0;33.63999999999997;10.379999999999995
PUBLIC_TRANSPORT;2022-03-30;08:05;09:00;Myśliborska 91, 03-185 Warszawa, Polska;52.31839415, 20.958077138536858;Pałac Branickich, Miodowa 6, 00-251 Warszawa, Polska;52.24692745, 21.011874523200987;WALK;1;10592.13995484746;8483.0;0.0;8483.0;0.0;0.0;67.17999999999998;89.87999999999998;WALK-BUS(516)-WALK-TRAM(20)-WALK, WALK-TRAM(17)-WALK-TRAM(13)-WALK, WALK-TRAM(17)-WALK-TRAM(13)-WALK;3;919.6181854462076;822.3333333333334;55.0;2757.3333333333335;1.0;1880.0;3.1566666666666947;15.156666666666695;BICYCLE;1;10750.410299999994;2696.0;0.0;2696.0;0.0;0.0;51.709999999999994;77.47999999999999;CAR;1;0.0;1634.0;0.0;1634.0;0.0;0.0;85.99999999999996;104.97999999999993
WALKING_ONLY;2022-03-30;08:15;08:25;Generała Stanisława Skalskiego 3, 03-982 Warszawa, Polska;52.229406, 21.078977;Bracławska 8A, 04-044 Warszawa, Polska;52.232958, 21.078824;WALK;1;627.4633759269308;545.0;0.0;545.0;0.0;0.0;5.640000000000029;6.960000000000022;WALK-BUS(509)-WALK-BUS(182)-WALK, WALK-BUS(507)-WALK-BUS(502)-WALK, WALK-BUS(135)-WALK-BUS(523)-WALK;3;1244.4482806863;1042.3333333333333;42.0;1424.3333333333333;1.0;340.0;5.883333333333321;7.47666666666665;WALK-BICYCLE;1;636.625146616333;226.0;0.0;226.0;0.0;0.0;4.560000000000031;5.880000000000024;CAR;1;0.0;317.0;0.0;317.0;0.0;0.0;13.940000000000026;11.56000000000003
PUBLIC_TRANSPORT;2022-03-30;08:35;09:17;Bracławska 8A, 04-044 Warszawa, Polska;52.232958, 21.078824;Wołoska 24, 02-675 Warszawa, Polska;52.185587100000006, 21.003833841397054;WALK;1;9509.231248046102;7735.0;0.0;7735.0;0.0;0.0;35.17999999999998;53.34999999999998;WALK-BUS(523)-WALK-TRAM(17)-WALK, WALK-BUS(141)-WALK-TRAM(41)-WALK, WALK-BUS(143)-BUS(138)-WALK;3;1008.3397067432751;871.6666666666666;239.66666666666666;2891.3333333333335;1.0;1780.0;7.0400000000000444;4.926666666666719;BICYCLE;1;9832.679300000007;2574.0;0.0;2574.0;0.0;0.0;54.52000000000001;72.04000000000002;CAR;1;0.0;1774.0;0.0;1774.0;0.0;0.0;54.16000000000011;70.27000000000008
PUBLIC_TRANSPORT;2022-03-30;08:11;08:55;Jana Blatona 3, 01-494 Warszawa, Polska;52.2568853, 20.921875691139988;Piękna 19, 00-549 Warszawa, Polska;52.2232597, 21.01754899302817;WALK;1;8879.163706731988;7099.0;0.0;7099.0;0.0;0.0;34.02999999999993;36.87999999999994;WALK-TRAM(23)-WALK-TRAM(18)-WALK, WALK-TRAM(24)-WALK-TRAM(35)-WALK, WALK-TRAM(24)-WALK-TRAM(35)-WALK;3;465.5953358309619;399.0;46.0;2585.0;1.0;2140.0;1.009999999999991;0.710000000000008;BICYCLE-WALK;1;8947.712863909406;2182.0;0.0;2182.0;0.0;0.0;35.119999999999976;36.61999999999999;CAR;1;0.0;2008.0;0.0;2008.0;0.0;0.0;44.90999999999994;43.60999999999996
WALKING_ONLY;2022-03-30;07:00;07:10;Jana Olbrachta 58A, 01-111 Warszawa, Polska;52.236388, 20.935043;Ulica Górczewska 122B, 01-460 Warszawa, Polska;52.24085, 20.93629;WALK;1;673.4139699155202;564.0;0.0;564.0;0.0;0.0;3.0999999999999943;2.069999999999993;WALK-BUS(171)-WALK-BUS(190)-WALK, WALK-BUS(154)-WALK, WALK-BUS(154)-WALK;3;747.7803082586312;642.3333333333334;7.666666666666667;850.0;0.3333333333333333;200.0;4.159999999999997;3.6766666666666574;BICYCLE;1;685.0298;181.0;0.0;181.0;0.0;0.0;3.1400000000000006;2.1099999999999994;CAR;1;0.0;390.0;0.0;390.0;0.0;0.0;6.120000000000047;5.4700000000000415
WALKING_ONLY;2022-03-30;14:00;14:03;Ulica Górczewska 122B, 01-460 Warszawa, Polska;52.24085, 20.93629;Wola Park, Górczewska, 01-458 Warszawa, Polska;52.2409362, 20.930905949812015;WALK;1;515.4961954813585;432.0;0.0;432.0;0.0;0.0;1.8000000000000114;1.65000000000002;WALK;1;515.4961954813585;432.0;0.0;432.0;0.0;0.0;1.8000000000000114;1.65000000000002;BICYCLE;1;625.8312;164.0;0.0;164.0;0.0;0.0;2.5300000000000296;2.380000000000038;CAR;1;0.0;182.0;0.0;182.0;0.0;0.0;1.6299999999999955;1.4300000000000068
WALKING_ONLY;2022-03-30;14:20;14:30;Wola Park, Górczewska, 01-458 Warszawa, Polska;52.2409362, 20.930905949812015;Jana Olbrachta 58A, 01-111 Warszawa, Polska;52.236388, 20.935043;WALK;1;813.642368409844;677.0;0.0;677.0;0.0;0.0;2.6199999999999903;3.6799999999999926;WALK-BUS(190)-WALK-BUS(129)-WALK, WALK-BUS(154)-WALK, WALK-BUS(154)-WALK;3;751.4994385843765;634.0;80.66666666666667;894.6666666666666;0.3333333333333333;180.0;2.0199999999999627;2.9266666666666246;BICYCLE;1;874.8497000000002;219.0;0.0;219.0;0.0;0.0;2.329999999999984;3.4099999999999824;CAR;1;0.0;362.0;0.0;362.0;0.0;0.0;2.9200000000000017;4.0
CAR;2022-03-30;10:05;10:18;Kinowa 6, 04-030 Warszawa, Polska;52.237044, 21.076655;Auchan, Meksykańska 8, 03-948 Warsaw, Poland;52.2310558, 21.0608999;WALK;1;1587.471969909067;1293.0;0.0;1293.0;0.0;0.0;7.739999999999995;7.5800000000000125;WALK-BUS(188)-WALK, WALK-BUS(141)-WALK, WALK-BUS(143)-WALK;3;633.4995413399427;537.0;2.0;719.0;0.0;180.0;3.0099999999999625;2.119999999999976;BICYCLE-WALK-BICYCLE;1;1610.534453383051;404.0;0.0;404.0;0.0;0.0;7.739999999999995;7.5800000000000125;CAR;1;0.0;337.0;0.0;337.0;0.0;0.0;10.079999999999956;10.019999999999953
PUBLIC_TRANSPORT;2022-03-30;08:00;09:00;Przy Stryjeńskich, Stryjeńskich 19, 02-791 Warszawa, Polska;52.1360879, 21.0493427;SGH - budynek M, Antoniego Józefa Madalińskiego 6/8, 02-513 Warszawa, Polska;52.20563225, 21.020398658529334;WALK;1;8700.521413493;6918.0;0.0;6918.0;0.0;0.0;30.789999999999864;30.679999999999893;WALK-BUS(179)-WALK-SUBWAY-WALK-TRAM(18)-WALK, WALK-BUS(504)-BUS(138)-WALK, WALK-BUS(504)-BUS(192)-WALK-TRAM(4)-WALK;3;702.8509498661912;584.0;132.33333333333334;2376.3333333333335;1.6666666666666667;1660.0;1.0866666666666163;2.1966666666666206;WALK-BICYCLE;1;9007.643199999993;2143.0;0.0;2143.0;0.0;0.0;28.13999999999986;27.919999999999888;CAR;1;0.0;1867.0;0.0;1867.0;0.0;0.0;28.449999999999946;24.519999999999968
OTHER;2022-03-30;15:30;16:05;SGH - budynek M, Antoniego Józefa Madalińskiego 6/8, 02-513 Warszawa, Polska;52.20563225, 21.020398658529334;Przy Stryjeńskich, Stryjeńskich 19, 02-791 Warszawa, Polska;52.1360879, 21.0493427;WALK;1;8700.795563868618;6937.0;0.0;6937.0;0.0;0.0;31.319999999999865;30.349999999999838;WALK-BUS(138)-BUS(504)-WALK, WALK-BUS(138)-BUS(504)-WALK, WALK-BUS(138)-BUS(504)-WALK;3;221.77785713824755;189.0;442.0;2671.0;1.0;2040.0;0.6599999999999824;0.9200000000000017;BICYCLE-WALK;1;9067.133534586132;2214.0;0.0;2214.0;0.0;0.0;32.989999999999924;33.26999999999991;CAR;1;0.0;1806.0;0.0;1806.0;0.0;0.0;29.759999999999977;31.44999999999999
PUBLIC_TRANSPORT;2022-03-30;07:40;07:51;Aluzyjna 25d, 03-149 Warszawa, Polska;52.3475307, 20.941444;Szkoła Podstawowa nr 154 z Oddziałami Integracyjnymi imienia Pawła Edmunda Strzeleckiego, Leśnej Polanki 63/65, 03-142 Warszawa, Polska;52.338058000000004, 20.9454388139821;WALK;1;1330.898383439178;1124.0;0.0;1124.0;0.0;0.0;4.63000000000001;7.950000000000003;WALK-BUS(211)-WALK, WALK-BUS(211)-WALK, WALK-BUS(211)-WALK;3;593.3359022375405;555.0;2.0;857.0;0.0;300.0;0.5200000000000244;5.840000000000018;BICYCLE;1;1343.3413000000003;362.0;0.0;362.0;0.0;0.0;4.270000000000024;7.590000000000018;CAR;1;0.0;450.0;0.0;450.0;0.0;0.0;5.75;9.069999999999993
PUBLIC_TRANSPORT;2022-03-30;07:51;08:03;Szkoła Podstawowa nr 154 z Oddziałami Integracyjnymi imienia Pawła Edmunda Strzeleckiego, Leśnej Polanki 63/65, 03-142 Warszawa, Polska;52.338058000000004, 20.9454388139821;Aluzyjna 25d, 03-149 Warszawa, Polska;52.3475307, 20.941444;WALK;1;1330.0714511090898;1103.0;0.0;1103.0;0.0;0.0;7.5600000000000165;4.240000000000023;WALK-BUS(211)-WALK, WALK-BUS(333)-WALK, WALK-BUS(211)-WALK;3;537.5491127675925;476.0;2.0;778.0;0.0;300.0;5.109999999999985;0.6500000000000057;BICYCLE;1;1367.3983000000003;346.0;0.0;346.0;0.0;0.0;7.530000000000015;4.210000000000022;CAR;1;0.0;472.0;0.0;472.0;0.0;0.0;9.02000000000001;5.700000000000017
PUBLIC_TRANSPORT;2022-03-30;11:00;11:30;Sewerynów 8, 00-331 Warszawa, Polska;52.238665100000006, 21.021017529474705;Teresińska 9, 00-727 Warszawa, Polska;52.2002369, 21.04736423647335;WALK;1;5455.111676670085;4345.0;0.0;4345.0;0.0;0.0;36.66999999999997;16.89999999999999;WALK-BUS(302)-WALK-BUS(162)-WALK, WALK-BUS(180)-WALK, WALK-BUS(180)-WALK;3;882.745974926911;730.3333333333334;78.66666666666667;1809.0;0.3333333333333333;1000.0;4.416666666666676;6.62;BICYCLE;1;5648.495000000004;1277.0;0.0;1277.0;0.0;0.0;34.30999999999996;14.359999999999971;CAR;1;0.0;1094.0;0.0;1094.0;0.0;0.0;88.8000000000001;68.14000000000007
PUBLIC_TRANSPORT;2022-03-30;17:07;17:40;Teresińska 9, 00-727 Warszawa, Polska;52.2002369, 21.04736423647335;Sewerynów 8, 00-331 Warszawa, Polska;52.238665100000006, 21.021017529474705;WALK;1;5544.6195262977;4427.0;0.0;4427.0;0.0;0.0;14.189999999999998;34.02999999999996;WALK-BUS(141)-BUS(180)-WALK, WALK-BUS(141)-WALK-BUS(E-2)-WALK, WALK-BUS(119)-BUS(116)-WALK;3;766.5694060054948;623.0;106.66666666666667;1889.6666666666667;1.0;1160.0;6.869999999999986;2.1399999999999864;BICYCLE;1;5646.016200000004;1432.0;0.0;1432.0;0.0;0.0;14.81000000000003;34.99000000000001;CAR;1;0.0;1028.0;0.0;1028.0;0.0;0.0;21.49000000000001;42.609999999999985
